seed,variant,split,episode,kind,forbidden_entry,collision,safe_gap_violation,interventions,released_stop_steps,progress,mean_abs_jerk,completed,unsafe
42,A_STATE,ID,0,crosswalk,False,False,False,0,0,30.277620000982655,0.22928263992071152,True,False
42,A_STATE,ID,1,crosswalk,False,False,False,0,0,35.80032644260606,0.18736153327185529,True,False
42,A_STATE,ID,2,crosswalk,False,False,False,0,0,33.087213907208586,0.21529910357102103,True,False
42,A_STATE,ID,3,crosswalk,False,False,False,0,0,36.82067318725556,0.21898769463102022,True,False
42,A_STATE,ID,4,crosswalk,False,False,False,0,0,32.53765270276844,0.22721536102749051,True,False
42,A_STATE,ID,5,crosswalk,False,False,False,0,0,31.840256627237686,0.22144465961239554,True,False
42,A_STATE,ID,6,crosswalk,False,False,False,0,0,27.213955009155914,0.21765008568763733,True,False
42,A_STATE,ID,7,crosswalk,False,False,False,0,0,35.50495824822558,0.19730806902602865,True,False
42,A_STATE,ID,8,crosswalk,False,False,False,0,0,27.43814778715992,0.23152020416761698,True,False
42,A_STATE,ID,9,crosswalk,False,False,False,0,0,37.89183926567414,0.21371014714241027,True,False
42,A_STATE,ID,10,stop_intersection,True,False,False,0,0,35.26960789450183,0.19073042761662912,True,True
42,A_STATE,ID,11,stop_intersection,True,False,False,0,0,29.20578607211236,0.1516953514268001,True,True
42,A_STATE,ID,12,stop_intersection,True,False,False,0,0,28.593344197973554,0.1994571927934885,True,True
42,A_STATE,ID,13,stop_intersection,True,False,False,0,0,37.050624864187434,0.2025849041011598,True,True
42,A_STATE,ID,14,stop_intersection,True,False,False,0,0,31.572629067436317,0.18073443708748652,True,True
42,A_STATE,ID,15,stop_intersection,True,True,False,0,0,23.109509907092676,0.12066881482799847,True,True
42,A_STATE,ID,16,stop_intersection,True,True,False,0,0,25.61824540220303,0.11024562722962834,True,True
42,A_STATE,ID,17,stop_intersection,True,True,False,0,0,22.386750629346636,0.11651103902194235,True,True
42,A_STATE,ID,18,stop_intersection,True,True,False,0,0,27.09520229975647,0.12585824541747567,True,True
42,A_STATE,ID,19,stop_intersection,True,True,False,0,0,25.476027253449676,0.10735002811998129,True,True
42,A_STATE,ID,20,lead_brake,False,False,False,0,0,96.42928161016191,0.06297515829404195,True,False
42,A_STATE,ID,21,lead_brake,False,True,True,0,0,75.34644540079621,0.09361383589831265,True,True
42,A_STATE,ID,22,lead_brake,False,True,True,0,0,84.26068486256524,0.10248853998669123,True,True
42,A_STATE,ID,23,lead_brake,False,False,True,0,0,101.44059518219227,0.08371253808339436,True,False
42,A_STATE,ID,24,lead_brake,False,False,True,0,0,79.26617458655276,0.08152973651885986,True,False
42,A_STATE,ID,25,lead_brake,False,False,True,0,0,94.68095777442969,0.08752599855264027,True,False
42,A_STATE,ID,26,lead_brake,False,False,False,0,0,57.71035611232413,0.07239603499571481,True,False
42,A_STATE,ID,27,lead_brake,False,False,False,0,0,86.77070716778282,0.05957228938738504,True,False
42,A_STATE,ID,28,lead_brake,False,True,True,0,0,62.029243695398534,0.08695922645868039,True,True
42,A_STATE,ID,29,lead_brake,False,True,True,0,0,80.36508964935217,0.10810694042241797,True,True
42,A_STATE,OOD,0,crosswalk,True,True,False,0,0,29.66606417855138,0.3269604867433801,True,True
42,A_STATE,OOD,1,crosswalk,True,True,False,0,0,31.51350175305607,0.3408854163211325,True,True
42,A_STATE,OOD,2,crosswalk,True,True,False,0,0,22.722880846620804,0.15257206100683945,True,True
42,A_STATE,OOD,3,crosswalk,True,True,False,0,0,30.66018277178751,0.21921201050281522,True,True
42,A_STATE,OOD,4,crosswalk,True,True,False,0,0,25.16273359733647,0.1941589017709096,True,True
42,A_STATE,OOD,5,crosswalk,True,True,False,0,0,25.11406365331864,0.30821041368386326,True,True
42,A_STATE,OOD,6,crosswalk,True,True,False,0,0,21.037562648079106,0.24824637387480053,True,True
42,A_STATE,OOD,7,crosswalk,True,True,False,0,0,22.44511694691799,0.28339769691228867,True,True
42,A_STATE,OOD,8,crosswalk,True,True,False,0,0,30.001578094507828,0.2312556725855057,True,True
42,A_STATE,OOD,9,crosswalk,True,True,False,0,0,30.460727915370583,0.22797183770882457,True,True
42,A_STATE,OOD,10,stop_intersection,True,True,False,0,0,26.384929295457002,0.23618969080202717,True,True
42,A_STATE,OOD,11,stop_intersection,True,True,False,0,0,24.553784592893187,0.2518389569151969,True,True
42,A_STATE,OOD,12,stop_intersection,True,True,False,0,0,27.38965919290556,0.1988090234606162,True,True
42,A_STATE,OOD,13,stop_intersection,True,True,False,0,0,27.116380958683088,0.18758096396923066,True,True
42,A_STATE,OOD,14,stop_intersection,True,False,False,0,0,30.66124090668811,0.18478081320171003,True,True
42,A_STATE,OOD,15,stop_intersection,True,True,False,0,0,31.536464979673493,0.1687144536164499,True,True
42,A_STATE,OOD,16,stop_intersection,True,True,False,0,0,22.805655908053787,0.22470525233075023,True,True
42,A_STATE,OOD,17,stop_intersection,True,True,False,0,0,22.44697763086038,0.23816452954303133,True,True
42,A_STATE,OOD,18,stop_intersection,True,True,False,0,0,20.820010208678365,0.12090435484424233,True,True
42,A_STATE,OOD,19,stop_intersection,True,True,False,0,0,22.24961990324395,0.20930088683962822,True,True
42,A_STATE,OOD,20,lead_brake,False,True,True,0,0,26.78792799126634,0.14279375296263466,True,True
42,A_STATE,OOD,21,lead_brake,False,True,True,0,0,39.25060569573924,0.15109572410583494,True,True
42,A_STATE,OOD,22,lead_brake,False,True,True,0,0,26.11640012371847,0.15605984549773366,True,True
42,A_STATE,OOD,23,lead_brake,False,True,True,0,0,32.36660332606917,0.14821295711127194,True,True
42,A_STATE,OOD,24,lead_brake,False,True,True,0,0,35.35308954111595,0.12920500503646,True,True
42,A_STATE,OOD,25,lead_brake,False,True,True,0,0,37.41965848507905,0.14189119692201968,True,True
42,A_STATE,OOD,26,lead_brake,False,True,True,0,0,35.086969878906174,0.1458682540966117,True,True
42,A_STATE,OOD,27,lead_brake,False,True,True,0,0,37.02209884235554,0.1376708367696175,True,True
42,A_STATE,OOD,28,lead_brake,False,True,True,0,0,41.180291626789995,0.1400837875329531,True,True
42,A_STATE,OOD,29,lead_brake,False,True,True,0,0,39.427061065335955,0.1611151515195767,True,True
42,B_COC,ID,0,crosswalk,False,False,False,0,0,30.149565711164836,0.1698082238435745,True,False
42,B_COC,ID,1,crosswalk,False,False,False,0,0,35.30221690047463,0.1345666009804298,True,False
42,B_COC,ID,2,crosswalk,False,False,False,0,0,32.892892291512624,0.15914767980575562,True,False
42,B_COC,ID,3,crosswalk,False,False,False,0,0,38.504609502668075,0.15862944126129147,True,False
42,B_COC,ID,4,crosswalk,False,False,False,0,0,32.43966786726295,0.16950539180210658,True,False
42,B_COC,ID,5,crosswalk,False,False,False,0,0,31.727731148636238,0.16449963504617862,True,False
42,B_COC,ID,6,crosswalk,False,False,False,0,0,28.022403718982186,0.15101572329347784,True,False
42,B_COC,ID,7,crosswalk,False,False,False,0,0,34.87392084190023,0.1437353535934731,True,False
42,B_COC,ID,8,crosswalk,False,False,False,0,0,27.31301245183372,0.17000926168341385,True,False
42,B_COC,ID,9,crosswalk,False,False,False,0,0,37.47760081455091,0.1602871537208557,True,False
42,B_COC,ID,10,stop_intersection,True,False,False,0,0,35.62467228509017,0.1511857219572578,True,True
42,B_COC,ID,11,stop_intersection,True,False,False,0,0,28.7793807136849,0.11282760430784786,True,True
42,B_COC,ID,12,stop_intersection,True,False,False,0,0,28.050324296453837,0.15552963737560355,True,True
42,B_COC,ID,13,stop_intersection,True,False,False,0,0,36.972242315867035,0.16266161146072242,True,True
42,B_COC,ID,14,stop_intersection,True,False,False,0,0,31.879589017054386,0.14012952335178852,True,True
42,B_COC,ID,15,stop_intersection,True,True,False,0,0,23.828191736515393,0.10389225040045048,True,True
42,B_COC,ID,16,stop_intersection,True,True,False,0,0,25.80855323441734,0.09574133310128341,True,True
42,B_COC,ID,17,stop_intersection,True,True,False,0,0,21.959117223150848,0.10415816241327454,True,True
42,B_COC,ID,18,stop_intersection,True,True,False,0,0,26.872869092259297,0.11471421114708247,True,True
42,B_COC,ID,19,stop_intersection,True,True,False,0,0,25.802734105449414,0.09224322503027707,True,True
42,B_COC,ID,20,lead_brake,False,False,False,0,0,97.95273987124206,0.035438193629185356,True,False
42,B_COC,ID,21,lead_brake,False,True,True,0,0,75.73308755932939,0.06714588430310998,True,True
42,B_COC,ID,22,lead_brake,False,True,True,0,0,83.82615603282336,0.07725254215043166,True,True
42,B_COC,ID,23,lead_brake,False,False,True,0,0,103.46670915500505,0.05959528684616089,True,False
42,B_COC,ID,24,lead_brake,False,False,True,0,0,79.45847169509865,0.0543339488406976,True,False
42,B_COC,ID,25,lead_brake,False,False,True,0,0,96.18807879414699,0.06260216732819875,True,False
42,B_COC,ID,26,lead_brake,False,False,False,0,0,56.08670461451302,0.04075048367182413,True,False
42,B_COC,ID,27,lead_brake,False,False,False,0,0,87.47636072302713,0.030291996896266934,True,False
42,B_COC,ID,28,lead_brake,False,True,True,0,0,62.655950118724434,0.05829006157539508,True,True
42,B_COC,ID,29,lead_brake,False,True,True,0,0,80.33725851060727,0.08152773498364214,True,True
42,B_COC,OOD,0,crosswalk,True,True,False,0,0,30.508572850356632,0.16778911299565258,True,True
42,B_COC,OOD,1,crosswalk,True,True,False,0,0,32.00614624759234,0.19528552889823914,True,True
42,B_COC,OOD,2,crosswalk,True,True,False,0,0,22.72244949942947,0.12591380339402417,True,True
42,B_COC,OOD,3,crosswalk,True,True,False,0,0,29.993978882875908,0.14283638251455205,True,True
42,B_COC,OOD,4,crosswalk,True,True,False,0,0,25.00871372337,0.1183517137542367,True,True
42,B_COC,OOD,5,crosswalk,True,True,False,0,0,25.617320236979484,0.14914567417958202,True,True
42,B_COC,OOD,6,crosswalk,True,True,False,0,0,21.34968055935831,0.13985191072736466,True,True
42,B_COC,OOD,7,crosswalk,True,True,False,0,0,22.010657291550906,0.1387465087806477,True,True
42,B_COC,OOD,8,crosswalk,True,True,False,0,0,29.969310272961103,0.12712904872993627,True,True
42,B_COC,OOD,9,crosswalk,True,True,False,0,0,29.73485271506649,0.14950641120473543,True,True
42,B_COC,OOD,10,stop_intersection,True,True,False,0,0,26.278019883311117,0.1583734926368509,True,True
42,B_COC,OOD,11,stop_intersection,True,True,False,0,0,24.434602257152367,0.14390937395785985,True,True
42,B_COC,OOD,12,stop_intersection,True,True,False,0,0,27.510280165126005,0.1619174009697004,True,True
42,B_COC,OOD,13,stop_intersection,True,True,False,0,0,27.491757111693424,0.1489178960522016,True,True
42,B_COC,OOD,14,stop_intersection,True,True,False,0,0,30.176947321525848,0.15234413146972656,True,True
42,B_COC,OOD,15,stop_intersection,True,True,False,0,0,30.929649832462186,0.1407922671309539,True,True
42,B_COC,OOD,16,stop_intersection,True,True,False,0,0,22.649923885876685,0.1509995472927888,True,True
42,B_COC,OOD,17,stop_intersection,True,True,False,0,0,22.697256099649408,0.1333302166312933,True,True
42,B_COC,OOD,18,stop_intersection,True,True,False,0,0,21.354970460873965,0.10416420176625252,True,True
42,B_COC,OOD,19,stop_intersection,True,True,False,0,0,22.013397264746562,0.17126338066239105,True,True
42,B_COC,OOD,20,lead_brake,False,True,True,0,0,26.650247533288717,0.10626233267513188,True,True
42,B_COC,OOD,21,lead_brake,False,True,True,0,0,39.494657767853894,0.11968741479974526,True,True
42,B_COC,OOD,22,lead_brake,False,True,True,0,0,26.280245489527527,0.11827033944427967,True,True
42,B_COC,OOD,23,lead_brake,False,True,True,0,0,32.456421451194096,0.11132549980412358,True,True
42,B_COC,OOD,24,lead_brake,False,True,True,0,0,34.839206024135656,0.09366726037114859,True,True
42,B_COC,OOD,25,lead_brake,False,True,True,0,0,38.226328602235505,0.10641491747107999,True,True
42,B_COC,OOD,26,lead_brake,False,True,True,0,0,35.20499520319842,0.10945256799459457,True,True
42,B_COC,OOD,27,lead_brake,False,True,True,0,0,36.90682273292622,0.1053352709169741,True,True
42,B_COC,OOD,28,lead_brake,False,True,True,0,0,41.351692261509584,0.10781034723752074,True,True
42,B_COC,OOD,29,lead_brake,False,True,True,0,0,39.860987772821765,0.12928065210580825,True,True
42,C_LEGACY_CONTRACT,ID,0,crosswalk,False,False,False,0,0,29.836049988047257,0.4383688894185153,True,False
42,C_LEGACY_CONTRACT,ID,1,crosswalk,False,False,False,0,0,35.217381681327275,0.27405489296201735,True,False
42,C_LEGACY_CONTRACT,ID,2,crosswalk,False,False,False,0,0,32.67906317779298,0.3609188824892044,True,False
42,C_LEGACY_CONTRACT,ID,3,crosswalk,False,False,False,0,0,36.809646063310474,0.3316282767515916,True,False
42,C_LEGACY_CONTRACT,ID,4,crosswalk,False,False,False,0,0,32.29977300224652,0.4066417333872422,True,False
42,C_LEGACY_CONTRACT,ID,5,crosswalk,False,False,False,0,0,32.60834252499633,0.3758179396390915,True,False
42,C_LEGACY_CONTRACT,ID,6,crosswalk,False,False,False,0,0,28.297318662119697,0.35494648406039114,True,False
42,C_LEGACY_CONTRACT,ID,7,crosswalk,False,False,False,0,0,34.75183207053671,0.28569735985781464,True,False
42,C_LEGACY_CONTRACT,ID,8,crosswalk,False,False,False,0,0,27.75274725960722,0.46421265737576917,True,False
42,C_LEGACY_CONTRACT,ID,9,crosswalk,False,False,False,0,0,37.64896050399865,0.29673887846561575,True,False
42,C_LEGACY_CONTRACT,ID,10,stop_intersection,True,False,False,0,0,27.96597242892683,0.10917952408393224,False,True
42,C_LEGACY_CONTRACT,ID,11,stop_intersection,False,False,False,0,0,14.310104715844425,0.07430045306682587,False,False
42,C_LEGACY_CONTRACT,ID,12,stop_intersection,True,False,False,0,0,22.059692345230506,0.1000404953956604,False,True
42,C_LEGACY_CONTRACT,ID,13,stop_intersection,True,False,False,0,0,32.039494332443205,0.11205217490593591,False,True
42,C_LEGACY_CONTRACT,ID,14,stop_intersection,True,False,False,0,2,26.739347411913254,0.31489157179991406,False,True
42,C_LEGACY_CONTRACT,ID,15,stop_intersection,True,True,False,0,0,21.192339641147576,0.09438014030456543,False,True
42,C_LEGACY_CONTRACT,ID,16,stop_intersection,True,True,False,0,0,19.457141874340696,0.09778364747762679,False,True
42,C_LEGACY_CONTRACT,ID,17,stop_intersection,True,True,False,0,0,19.79311641259835,0.09136620660622913,False,True
42,C_LEGACY_CONTRACT,ID,18,stop_intersection,True,True,False,0,0,25.327418961179177,0.1031716987490654,False,True
42,C_LEGACY_CONTRACT,ID,19,stop_intersection,True,True,False,0,0,18.48556612131681,0.0971488282084465,False,True
42,C_LEGACY_CONTRACT,ID,20,lead_brake,False,False,False,0,0,102.42354448217431,0.6305771296223004,True,False
42,C_LEGACY_CONTRACT,ID,21,lead_brake,False,False,False,0,0,70.66689405866052,0.36550420274337125,True,False
42,C_LEGACY_CONTRACT,ID,22,lead_brake,False,False,True,0,0,79.97230663650454,0.1933300991853078,True,False
42,C_LEGACY_CONTRACT,ID,23,lead_brake,False,False,False,0,0,99.92757550707339,0.5682759111126264,True,False
42,C_LEGACY_CONTRACT,ID,24,lead_brake,False,False,False,0,0,79.14801701969246,0.7889116654793421,True,False
42,C_LEGACY_CONTRACT,ID,25,lead_brake,False,False,False,0,0,92.80339185379731,0.3649650687972704,True,False
42,C_LEGACY_CONTRACT,ID,26,lead_brake,False,False,False,0,0,62.7167105359085,0.6482898940642674,True,False
42,C_LEGACY_CONTRACT,ID,27,lead_brake,False,False,False,0,0,94.28866689059413,0.48733925446867943,True,False
42,C_LEGACY_CONTRACT,ID,28,lead_brake,False,False,False,0,0,58.359526100746486,0.9291748131314912,True,False
42,C_LEGACY_CONTRACT,ID,29,lead_brake,False,False,True,0,0,77.53443145990356,0.19244150817394257,True,False
42,C_LEGACY_CONTRACT,OOD,0,crosswalk,True,True,False,0,0,30.362127079698453,0.7235011564833778,True,True
42,C_LEGACY_CONTRACT,OOD,1,crosswalk,False,False,False,0,0,31.358765656866147,0.527397977380917,True,False
42,C_LEGACY_CONTRACT,OOD,2,crosswalk,True,True,False,0,0,23.70767600620364,0.256504719145596,True,True
42,C_LEGACY_CONTRACT,OOD,3,crosswalk,True,True,False,0,0,29.98793190491152,0.6385987423933468,True,True
42,C_LEGACY_CONTRACT,OOD,4,crosswalk,True,True,False,0,0,24.93716329851673,0.5049892363604158,True,True
42,C_LEGACY_CONTRACT,OOD,5,crosswalk,True,True,False,0,0,24.85751949091073,0.3703800694678317,True,True
42,C_LEGACY_CONTRACT,OOD,6,crosswalk,True,True,False,0,0,20.908351652857647,0.3111722796327538,True,True
42,C_LEGACY_CONTRACT,OOD,7,crosswalk,True,True,False,0,0,22.14703100277404,0.5940499987739782,True,True
42,C_LEGACY_CONTRACT,OOD,8,crosswalk,True,True,False,0,0,30.48236865196935,0.41281551122665405,True,True
42,C_LEGACY_CONTRACT,OOD,9,crosswalk,True,True,False,0,0,30.391979930393546,0.689747566357255,True,True
42,C_LEGACY_CONTRACT,OOD,10,stop_intersection,False,False,False,0,0,14.282240119950206,0.1282120943069458,False,False
42,C_LEGACY_CONTRACT,OOD,11,stop_intersection,True,True,False,0,0,19.285852635931665,0.1372307886679967,False,True
42,C_LEGACY_CONTRACT,OOD,12,stop_intersection,True,False,False,0,0,22.427079522392784,0.1022719293832779,False,True
42,C_LEGACY_CONTRACT,OOD,13,stop_intersection,True,False,False,0,0,20.22090160073597,0.10083678364753722,False,True
42,C_LEGACY_CONTRACT,OOD,14,stop_intersection,True,False,False,0,0,23.298712601851086,0.10190621266762416,False,True
42,C_LEGACY_CONTRACT,OOD,15,stop_intersection,False,False,False,0,1,31.240863796457887,0.357261893321883,True,False
42,C_LEGACY_CONTRACT,OOD,16,stop_intersection,True,True,False,0,0,22.356884889624645,0.29724597930908203,True,True
42,C_LEGACY_CONTRACT,OOD,17,stop_intersection,True,True,False,0,0,15.519965219375711,0.1342687408129374,False,True
42,C_LEGACY_CONTRACT,OOD,18,stop_intersection,True,True,False,0,0,20.75093798636778,0.14736095666885377,True,True
42,C_LEGACY_CONTRACT,OOD,19,stop_intersection,True,True,False,0,0,17.501671496534804,0.09011446436246236,False,True
42,C_LEGACY_CONTRACT,OOD,20,lead_brake,False,False,True,0,0,23.402446878599523,0.16778047755360603,True,False
42,C_LEGACY_CONTRACT,OOD,21,lead_brake,False,True,True,0,0,38.37354634487841,0.29415300225510316,True,True
42,C_LEGACY_CONTRACT,OOD,22,lead_brake,False,True,True,0,0,25.896104259060145,0.352654923443441,True,True
42,C_LEGACY_CONTRACT,OOD,23,lead_brake,False,True,True,0,0,31.592672527988782,0.3258223651811994,True,True
42,C_LEGACY_CONTRACT,OOD,24,lead_brake,False,False,True,0,0,32.89237296475057,0.17711512744426727,True,False
42,C_LEGACY_CONTRACT,OOD,25,lead_brake,False,False,True,0,0,35.03360863952439,0.18368992209434507,True,False
42,C_LEGACY_CONTRACT,OOD,26,lead_brake,False,True,True,0,0,34.815815530986036,0.3451638615557125,True,True
42,C_LEGACY_CONTRACT,OOD,27,lead_brake,False,False,True,0,0,34.69301361370512,0.1740623724957307,True,False
42,C_LEGACY_CONTRACT,OOD,28,lead_brake,False,True,True,0,0,40.75106844965765,0.311100312298344,True,True
42,C_LEGACY_CONTRACT,OOD,29,lead_brake,False,True,True,0,0,39.243112479299405,0.3261442915085823,True,True
42,C2_PHASE_CONTRACT,ID,0,crosswalk,False,False,False,0,0,29.64914603307284,0.3254084400832653,True,False
42,C2_PHASE_CONTRACT,ID,1,crosswalk,False,False,False,0,0,35.58571833301267,0.16337620287105953,True,False
42,C2_PHASE_CONTRACT,ID,2,crosswalk,False,False,False,0,0,32.771215283837456,0.24255961179733276,True,False
42,C2_PHASE_CONTRACT,ID,3,crosswalk,False,False,False,0,0,36.869500794291206,0.20930779476960498,True,False
42,C2_PHASE_CONTRACT,ID,4,crosswalk,False,False,False,0,0,32.153596954186554,0.28898500970431734,True,False
42,C2_PHASE_CONTRACT,ID,5,crosswalk,False,False,False,0,0,33.04386641620128,0.2648388432419818,True,False
42,C2_PHASE_CONTRACT,ID,6,crosswalk,False,False,False,0,0,27.968120075617286,0.2076842364939776,True,False
42,C2_PHASE_CONTRACT,ID,7,crosswalk,False,False,False,0,0,35.20990661629809,0.15605710722781993,True,False
42,C2_PHASE_CONTRACT,ID,8,crosswalk,False,False,False,0,0,27.918933426341965,0.3731689974665642,True,False
42,C2_PHASE_CONTRACT,ID,9,crosswalk,False,False,False,0,0,37.74165788337568,0.15622588396072387,True,False
42,C2_PHASE_CONTRACT,ID,10,stop_intersection,False,False,False,0,0,14.101202831988932,0.06723999977111816,False,False
42,C2_PHASE_CONTRACT,ID,11,stop_intersection,False,False,False,0,0,5.618919581184999,0.05303686360518137,False,False
42,C2_PHASE_CONTRACT,ID,12,stop_intersection,False,False,False,0,0,11.079579285645444,0.06891104578971863,False,False
42,C2_PHASE_CONTRACT,ID,13,stop_intersection,False,False,False,0,0,16.514429656884126,0.07299645245075226,False,False
42,C2_PHASE_CONTRACT,ID,14,stop_intersection,False,False,False,0,0,11.280942841177,0.06592762470245361,False,False
42,C2_PHASE_CONTRACT,ID,15,stop_intersection,False,False,False,0,1,23.29323207017343,0.47354901499218405,True,False
42,C2_PHASE_CONTRACT,ID,16,stop_intersection,False,False,False,0,0,11.698687336380548,0.07232621312141418,False,False
42,C2_PHASE_CONTRACT,ID,17,stop_intersection,False,False,False,0,1,22.20843958981316,0.4359111189842224,True,False
42,C2_PHASE_CONTRACT,ID,18,stop_intersection,False,False,False,0,1,27.251370364288675,0.48309195041656494,True,False
42,C2_PHASE_CONTRACT,ID,19,stop_intersection,False,False,False,0,0,10.920144377751948,0.06959852576255798,False,False
42,C2_PHASE_CONTRACT,ID,20,lead_brake,False,False,False,0,0,103.11746366812383,0.09724450359741846,True,False
42,C2_PHASE_CONTRACT,ID,21,lead_brake,False,False,True,0,0,73.39261371826832,0.14413836846748987,True,False
42,C2_PHASE_CONTRACT,ID,22,lead_brake,False,True,True,0,0,83.5701609271579,0.15924667150287303,True,True
42,C2_PHASE_CONTRACT,ID,23,lead_brake,False,False,True,0,0,103.14596899577668,0.1349211484193802,True,False
42,C2_PHASE_CONTRACT,ID,24,lead_brake,False,False,True,0,0,80.65877124494648,0.1334267556667328,True,False
42,C2_PHASE_CONTRACT,ID,25,lead_brake,False,False,True,0,0,95.6281045050762,0.1426571433742841,True,False
42,C2_PHASE_CONTRACT,ID,26,lead_brake,False,False,False,0,0,62.774533881076096,0.1342821717262268,True,False
42,C2_PHASE_CONTRACT,ID,27,lead_brake,False,False,False,0,0,94.62046057561881,0.09685768683751424,True,False
42,C2_PHASE_CONTRACT,ID,28,lead_brake,False,False,True,0,0,58.46075309537456,0.183645894130071,True,False
42,C2_PHASE_CONTRACT,ID,29,lead_brake,False,True,True,0,0,80.05409692821402,0.17100483730987265,True,True
42,C2_PHASE_CONTRACT,OOD,0,crosswalk,True,True,False,0,0,30.156221866364433,0.3499790500192081,True,True
42,C2_PHASE_CONTRACT,OOD,1,crosswalk,True,True,False,0,0,32.185720695760615,0.48771344125270844,True,True
42,C2_PHASE_CONTRACT,OOD,2,crosswalk,True,True,False,0,0,23.25243023055069,0.31030066311359406,True,True
42,C2_PHASE_CONTRACT,OOD,3,crosswalk,True,True,False,0,0,30.876063779548282,0.27235306799411774,True,True
42,C2_PHASE_CONTRACT,OOD,4,crosswalk,True,True,False,0,0,25.18518516066497,0.23398857031549725,True,True
42,C2_PHASE_CONTRACT,OOD,5,crosswalk,True,True,False,0,0,24.674043687848805,0.30877896968056173,True,True
42,C2_PHASE_CONTRACT,OOD,6,crosswalk,True,True,False,0,0,20.353413056901402,0.26513429624693735,True,True
42,C2_PHASE_CONTRACT,OOD,7,crosswalk,True,True,False,0,0,22.2038979648771,0.2755292422241635,True,True
42,C2_PHASE_CONTRACT,OOD,8,crosswalk,True,True,False,0,0,30.118342893078164,0.26592159022887546,True,True
42,C2_PHASE_CONTRACT,OOD,9,crosswalk,True,True,False,0,0,30.794004538112993,0.2842802436728227,True,True
42,C2_PHASE_CONTRACT,OOD,10,stop_intersection,False,False,False,0,0,9.111950156317112,0.08055109779040019,False,False
42,C2_PHASE_CONTRACT,OOD,11,stop_intersection,False,False,False,0,1,24.129102157350843,0.5644927727870452,True,False
42,C2_PHASE_CONTRACT,OOD,12,stop_intersection,False,False,False,0,0,13.407116037065215,0.07681938012440999,False,False
42,C2_PHASE_CONTRACT,OOD,13,stop_intersection,False,False,False,0,0,11.71021174361268,0.07102002700169881,False,False
42,C2_PHASE_CONTRACT,OOD,14,stop_intersection,False,False,False,0,0,13.438567213063722,0.07391501466433206,False,False
42,C2_PHASE_CONTRACT,OOD,15,stop_intersection,False,False,False,0,0,12.0070544703251,0.06799435118834177,False,False
42,C2_PHASE_CONTRACT,OOD,16,stop_intersection,True,True,False,0,0,16.648625476133038,0.10501504937807718,False,True
42,C2_PHASE_CONTRACT,OOD,17,stop_intersection,False,False,False,0,1,23.404861457937102,0.46672011084026754,True,False
42,C2_PHASE_CONTRACT,OOD,18,stop_intersection,True,True,False,0,1,12.576091124639941,0.38920586307843524,False,True
42,C2_PHASE_CONTRACT,OOD,19,stop_intersection,False,False,False,0,1,22.706834135609967,0.5692302082714281,True,False
42,C2_PHASE_CONTRACT,OOD,20,lead_brake,False,True,True,0,0,25.99230058108895,0.27611070760974177,True,True
42,C2_PHASE_CONTRACT,OOD,21,lead_brake,False,True,True,0,0,38.75001179776898,0.29007126178060255,True,True
42,C2_PHASE_CONTRACT,OOD,22,lead_brake,False,True,True,0,0,26.12676765034568,0.3268109780290852,True,True
42,C2_PHASE_CONTRACT,OOD,23,lead_brake,False,True,True,0,0,32.13364142486605,0.2939799857827333,True,True
42,C2_PHASE_CONTRACT,OOD,24,lead_brake,False,True,True,0,0,34.634611149699744,0.25036010530687147,True,True
42,C2_PHASE_CONTRACT,OOD,25,lead_brake,False,True,True,0,0,37.61665384258275,0.24422927336259323,True,True
42,C2_PHASE_CONTRACT,OOD,26,lead_brake,False,True,True,0,0,35.112864906267255,0.29795705699003655,True,True
42,C2_PHASE_CONTRACT,OOD,27,lead_brake,False,True,True,0,0,36.7500499985461,0.2651253789663315,True,True
42,C2_PHASE_CONTRACT,OOD,28,lead_brake,False,True,True,0,0,41.34518529515446,0.27687149315044796,True,True
42,C2_PHASE_CONTRACT,OOD,29,lead_brake,False,True,True,0,0,39.08881145628875,0.30363655200711004,True,True
42,D_PHASE_SHIELD,ID,0,crosswalk,False,False,False,1,0,29.169174035449995,2.66717185251533,True,False
42,D_PHASE_SHIELD,ID,1,crosswalk,False,False,False,0,0,35.58571833301267,0.16337620287105953,True,False
42,D_PHASE_SHIELD,ID,2,crosswalk,False,False,False,0,0,32.771215283837456,0.24255961179733276,True,False
42,D_PHASE_SHIELD,ID,3,crosswalk,False,False,False,0,0,36.869500794291206,0.20930779476960498,True,False
42,D_PHASE_SHIELD,ID,4,crosswalk,False,False,False,0,0,32.153596954186554,0.28898500970431734,True,False
42,D_PHASE_SHIELD,ID,5,crosswalk,False,False,False,0,0,33.04386641620128,0.2648388432419818,True,False
42,D_PHASE_SHIELD,ID,6,crosswalk,False,False,False,0,0,27.968120075617286,0.2076842364939776,True,False
42,D_PHASE_SHIELD,ID,7,crosswalk,False,False,False,0,0,35.20990661629809,0.15605710722781993,True,False
42,D_PHASE_SHIELD,ID,8,crosswalk,False,False,False,3,0,27.228048752062627,2.2450560629367824,True,False
42,D_PHASE_SHIELD,ID,9,crosswalk,False,False,False,0,0,37.74165788337568,0.15622588396072387,True,False
42,D_PHASE_SHIELD,ID,10,stop_intersection,False,False,False,0,0,14.101202831988932,0.06723999977111816,False,False
42,D_PHASE_SHIELD,ID,11,stop_intersection,False,False,False,0,0,5.618919581184999,0.05303686360518137,False,False
42,D_PHASE_SHIELD,ID,12,stop_intersection,False,False,False,0,0,11.079579285645444,0.06891104578971863,False,False
42,D_PHASE_SHIELD,ID,13,stop_intersection,False,False,False,0,0,16.514429656884126,0.07299645245075226,False,False
42,D_PHASE_SHIELD,ID,14,stop_intersection,False,False,False,0,0,11.280942841177,0.06592762470245361,False,False
42,D_PHASE_SHIELD,ID,15,stop_intersection,False,False,False,4,1,23.28089205583577,1.1346247986606928,True,False
42,D_PHASE_SHIELD,ID,16,stop_intersection,False,False,False,0,0,11.698687336380548,0.07232621312141418,False,False
42,D_PHASE_SHIELD,ID,17,stop_intersection,False,False,False,4,1,22.18623299715901,1.0443505227565764,True,False
42,D_PHASE_SHIELD,ID,18,stop_intersection,False,False,False,2,1,27.02624048229241,1.0704115287021354,True,False
42,D_PHASE_SHIELD,ID,19,stop_intersection,False,False,False,0,0,10.920144377751948,0.06959852576255798,False,False
42,D_PHASE_SHIELD,ID,20,lead_brake,False,False,False,0,0,103.11746366812383,0.09724450359741846,True,False
42,D_PHASE_SHIELD,ID,21,lead_brake,False,False,True,2,0,72.95414235534969,0.747001570959886,True,False
42,D_PHASE_SHIELD,ID,22,lead_brake,False,False,True,5,0,81.35626792782331,0.7550786857803662,True,False
42,D_PHASE_SHIELD,ID,23,lead_brake,False,False,True,0,0,103.14596899577668,0.1349211484193802,True,False
42,D_PHASE_SHIELD,ID,24,lead_brake,False,False,True,0,0,80.65877124494648,0.1334267556667328,True,False
42,D_PHASE_SHIELD,ID,25,lead_brake,False,False,True,0,0,95.6281045050762,0.1426571433742841,True,False
42,D_PHASE_SHIELD,ID,26,lead_brake,False,False,False,0,0,62.774533881076096,0.1342821717262268,True,False
42,D_PHASE_SHIELD,ID,27,lead_brake,False,False,False,0,0,94.62046057561881,0.09685768683751424,True,False
42,D_PHASE_SHIELD,ID,28,lead_brake,False,False,True,0,0,58.46075309537456,0.183645894130071,True,False
42,D_PHASE_SHIELD,ID,29,lead_brake,False,False,True,5,0,77.53409023879246,0.7546327064434686,True,False
42,D_PHASE_SHIELD,OOD,0,crosswalk,False,False,False,9,5,29.85732110945839,1.0767314091043652,True,False
42,D_PHASE_SHIELD,OOD,1,crosswalk,False,False,False,9,5,31.042071072073043,1.088291560106401,True,False
42,D_PHASE_SHIELD,OOD,2,crosswalk,False,False,False,9,5,22.76076534238924,0.9409074838888848,True,False
42,D_PHASE_SHIELD,OOD,3,crosswalk,False,False,False,8,5,29.7778603854077,0.986468521720272,True,False
42,D_PHASE_SHIELD,OOD,4,crosswalk,False,False,False,7,5,25.093084066755864,1.010673955867165,True,False
42,D_PHASE_SHIELD,OOD,5,crosswalk,False,False,False,8,5,24.7947202880917,0.9521248599903732,True,False
42,D_PHASE_SHIELD,OOD,6,crosswalk,False,False,False,8,5,19.696596092119364,0.9378278503815333,False,False
42,D_PHASE_SHIELD,OOD,7,crosswalk,False,False,False,7,5,21.883394852606926,1.0571200235022438,True,False
42,D_PHASE_SHIELD,OOD,8,crosswalk,False,False,False,7,5,28.840722480003098,0.9581142324126429,False,False
42,D_PHASE_SHIELD,OOD,9,crosswalk,False,False,False,9,5,29.559539641669595,1.0635732313227138,True,False
42,D_PHASE_SHIELD,OOD,10,stop_intersection,False,False,False,0,0,9.111950156317112,0.08055109779040019,False,False
42,D_PHASE_SHIELD,OOD,11,stop_intersection,False,False,False,3,1,24.30049477489141,1.317522505422433,True,False
42,D_PHASE_SHIELD,OOD,12,stop_intersection,False,False,False,0,0,13.407116037065215,0.07681938012440999,False,False
42,D_PHASE_SHIELD,OOD,13,stop_intersection,False,False,False,0,0,11.71021174361268,0.07102002700169881,False,False
42,D_PHASE_SHIELD,OOD,14,stop_intersection,False,False,False,0,0,13.438567213063722,0.07391501466433206,False,False
42,D_PHASE_SHIELD,OOD,15,stop_intersection,False,False,False,0,0,12.0070544703251,0.06799435118834177,False,False
42,D_PHASE_SHIELD,OOD,16,stop_intersection,False,False,False,7,1,22.448430738720205,1.1836113398489745,True,False
42,D_PHASE_SHIELD,OOD,17,stop_intersection,False,False,False,0,1,23.404861457937102,0.46672011084026754,True,False
42,D_PHASE_SHIELD,OOD,18,stop_intersection,False,False,False,5,1,21.107599202452327,1.204178700613421,True,False
42,D_PHASE_SHIELD,OOD,19,stop_intersection,False,False,False,0,1,22.706834135609967,0.5692302082714281,True,False
42,D_PHASE_SHIELD,OOD,20,lead_brake,False,False,True,4,0,23.003557546914408,0.8028464838862418,True,False
42,D_PHASE_SHIELD,OOD,21,lead_brake,False,False,True,6,0,35.56975416964602,0.8069102416435877,True,False
42,D_PHASE_SHIELD,OOD,22,lead_brake,False,False,True,5,0,23.096551636867776,0.8039234802126884,True,False
42,D_PHASE_SHIELD,OOD,23,lead_brake,False,False,True,6,0,28.850496886581535,0.8024882810811201,True,False
42,D_PHASE_SHIELD,OOD,24,lead_brake,False,False,True,5,0,31.588530862179823,0.8021328523755074,True,False
42,D_PHASE_SHIELD,OOD,25,lead_brake,False,False,True,4,0,34.60109264945756,0.8061967690785726,True,False
42,D_PHASE_SHIELD,OOD,26,lead_brake,False,False,True,7,0,31.68270101165367,0.802129956583182,True,False
42,D_PHASE_SHIELD,OOD,27,lead_brake,False,False,True,5,0,33.55857136568086,0.8050944929321607,True,False
42,D_PHASE_SHIELD,OOD,28,lead_brake,False,False,True,7,0,38.073412051687434,0.8089533393581708,True,False
42,D_PHASE_SHIELD,OOD,29,lead_brake,False,False,True,7,0,36.385404426741424,0.8133547282881206,True,False
