variant,split,kind,seeds,unsafe_rate_mean,unsafe_rate_std,forbidden_entry_rate_mean,forbidden_entry_rate_std,collision_rate_mean,collision_rate_std,safe_gap_violation_rate_mean,safe_gap_violation_rate_std,completion_rate_mean,completion_rate_std,mean_progress_m_mean,mean_progress_m_std,mean_released_stop_s_mean,mean_released_stop_s_std,mean_interventions_mean,mean_interventions_std,mean_abs_jerk_mean,mean_abs_jerk_std
A_STATE,ID,crosswalk,1,0.0,0.0,0.0,0.0,0.0,0.0,0.0,0.0,1.0,0.0,32.84126431782745,0.0,0.0,0.0,0.0,0.0,0.21597794980581875,0.0
A_STATE,ID,stop_intersection,1,1.0,0.0,1.0,0.0,0.5,0.0,0.0,0.0,1.0,0.0,28.537772758806,0.0,0.0,0.0,0.0,0.0,0.15058360676425903,0.0
A_STATE,ID,lead_brake,1,0.4,0.0,0.0,0.0,0.4,0.0,0.7,0.0,1.0,0.0,81.82995360415558,0.0,0.0,0.0,0.0,0.0,0.08388802985981385,0.0
A_STATE,ID,ALL,1,0.4666666666666666,0.0,0.3333333333333333,0.0,0.3,0.0,0.2333333333333333,0.0,1.0,0.0,47.73633022692968,0.0,0.0,0.0,0.0,0.0,0.1501498621432972,0.0
B_COC,ID,crosswalk,1,0.0,0.0,0.0,0.0,0.0,0.0,0.0,0.0,1.0,0.0,32.87036212489864,0.0,0.0,0.0,0.0,0.0,0.1581204465030557,0.0
B_COC,ID,stop_intersection,1,1.0,0.0,1.0,0.0,0.5,0.0,0.0,0.0,1.0,0.0,28.557767401994262,0.0,0.0,0.0,0.0,0.0,0.1233083280545588,0.0
B_COC,ID,lead_brake,1,0.4,0.0,0.0,0.0,0.4,0.0,0.7,0.0,1.0,0.0,82.31815170745173,0.0,0.0,0.0,0.0,0.0,0.056722830022491254,0.0
B_COC,ID,ALL,1,0.4666666666666666,0.0,0.3333333333333333,0.0,0.3,0.0,0.2333333333333333,0.0,1.0,0.0,47.915427078114874,0.0,0.0,0.0,0.0,0.0,0.11271720152670191,0.0
C_LEGACY_CONTRACT,ID,crosswalk,1,0.0,0.0,0.0,0.0,0.0,0.0,0.0,0.0,1.0,0.0,32.790111493398314,0.0,0.0,0.0,0.0,0.0,0.3589025994407253,0.0
C_LEGACY_CONTRACT,ID,stop_intersection,1,0.9,0.0,0.9,0.0,0.5,0.0,0.0,0.0,0.0,0.0,22.737019424494083,0.0,0.04000000000000001,0.0,0.0,0.0,0.11943147405982017,0.0
C_LEGACY_CONTRACT,ID,lead_brake,1,0.0,0.0,0.0,0.0,0.0,0.0,0.2,0.0,1.0,0.0,81.78410645450552,0.0,0.0,0.0,0.0,0.0,0.5168809546778599,0.0
C_LEGACY_CONTRACT,ID,ALL,1,0.3,0.0,0.3,0.0,0.16666666666666666,0.0,0.06666666666666667,0.0,0.6666666666666666,0.0,45.77041245746597,0.0,0.013333333333333336,0.0,0.0,0.0,0.3317383427261351,0.0
C2_PHASE_CONTRACT,ID,crosswalk,1,0.0,0.0,0.0,0.0,0.0,0.0,0.0,0.0,1.0,0.0,32.891166181623504,0.0,0.0,0.0,0.0,0.0,0.23876121276166473,0.0
C2_PHASE_CONTRACT,ID,stop_intersection,1,0.0,0.0,0.0,0.0,0.0,0.0,0.0,0.0,0.3,0.0,15.396694793528827,0.0,0.06,0.0,0.0,0.0,0.18625888095961676,0.0
C2_PHASE_CONTRACT,ID,lead_brake,1,0.2,0.0,0.0,0.0,0.2,0.0,0.7,0.0,1.0,0.0,83.54229275396328,0.0,0.0,0.0,0.0,0.0,0.13974251810318633,0.0
C2_PHASE_CONTRACT,ID,ALL,1,0.06666666666666667,0.0,0.0,0.0,0.06666666666666667,0.0,0.2333333333333333,0.0,0.7666666666666666,0.0,43.94338457637187,0.0,0.02,0.0,0.0,0.0,0.18825420394148928,0.0
D_PHASE_SHIELD,ID,crosswalk,1,0.0,0.0,0.0,0.0,0.0,0.0,0.0,0.0,1.0,0.0,32.77408051443329,0.0,0.0,0.0,0.4,0.0,0.660126260551893,0.0
D_PHASE_SHIELD,ID,stop_intersection,1,0.0,0.0,0.0,0.0,0.0,0.0,0.0,0.0,0.3,0.0,15.370727144630019,0.0,0.06,0.0,1.0,0.0,0.37194235753226007,0.0
D_PHASE_SHIELD,ID,lead_brake,1,0.0,0.0,0.0,0.0,0.0,0.0,0.7,0.0,1.0,0.0,83.02505564879581,0.0,0.0,0.0,1.2,0.0,0.31797482669353483,0.0
D_PHASE_SHIELD,ID,ALL,1,0.0,0.0,0.0,0.0,0.0,0.0,0.2333333333333333,0.0,0.7666666666666666,0.0,43.72328776928637,0.0,0.02,0.0,0.8666666666666667,0.0,0.45001448159256263,0.0
A_STATE,OOD,crosswalk,1,1.0,0.0,1.0,0.0,1.0,0.0,0.0,0.0,1.0,0.0,26.87844124055464,0.0,0.0,0.0,0.0,0.0,0.253287087111036,0.0
A_STATE,OOD,stop_intersection,1,1.0,0.0,1.0,0.0,0.9,0.0,0.0,0.0,1.0,0.0,25.596472357713694,0.0,0.0,0.0,0.0,0.0,0.20209889255228833,0.0
A_STATE,OOD,lead_brake,1,1.0,0.0,0.0,0.0,1.0,0.0,1.0,0.0,1.0,0.0,35.001070657637584,0.0,0.0,0.0,0.0,0.0,0.1453996511554714,0.0
A_STATE,OOD,ALL,1,1.0,0.0,0.6666666666666666,0.0,0.9666666666666667,0.0,0.3333333333333333,0.0,1.0,0.0,29.158661418635305,0.0,0.0,0.0,0.0,0.0,0.20026187693959854,0.0
B_COC,OOD,crosswalk,1,1.0,0.0,1.0,0.0,1.0,0.0,0.0,0.0,1.0,0.0,26.892168227954063,0.0,0.0,0.0,0.0,0.0,0.14545560951789707,0.0
B_COC,OOD,stop_intersection,1,1.0,0.0,1.0,0.0,1.0,0.0,0.0,0.0,1.0,0.0,25.553680428241755,0.0,0.0,0.0,0.0,0.0,0.1466011908570019,0.0
B_COC,OOD,lead_brake,1,1.0,0.0,0.0,0.0,1.0,0.0,1.0,0.0,1.0,0.0,35.12716048386913,0.0,0.0,0.0,0.0,0.0,0.11075066028204066,0.0
B_COC,OOD,ALL,1,1.0,0.0,0.6666666666666666,0.0,1.0,0.0,0.3333333333333333,0.0,1.0,0.0,29.19100304668832,0.0,0.0,0.0,0.0,0.0,0.1342691535523132,0.0
C_LEGACY_CONTRACT,OOD,crosswalk,1,0.9,0.0,0.9,0.0,0.9,0.0,0.0,0.0,1.0,0.0,26.91409146751018,0.0,0.0,0.0,0.0,0.0,0.5029157257222125,0.0
C_LEGACY_CONTRACT,OOD,stop_intersection,1,0.8,0.0,0.8,0.0,0.5,0.0,0.0,0.0,0.3,0.0,20.688510986922253,0.0,0.020000000000000004,0.0,0.0,0.0,0.15967098431486004,0.0
C_LEGACY_CONTRACT,OOD,lead_brake,1,0.6,0.0,0.0,0.0,0.6,0.0,1.0,0.0,1.0,0.0,33.669376168845005,0.0,0.0,0.0,0.0,0.0,0.26576866558303314,0.0
C_LEGACY_CONTRACT,OOD,ALL,1,0.7666666666666666,0.0,0.5666666666666668,0.0,0.6666666666666666,0.0,0.3333333333333333,0.0,0.7666666666666666,0.0,27.090659541092478,0.0,0.006666666666666668,0.0,0.0,0.0,0.3094517918733686,0.0
C2_PHASE_CONTRACT,OOD,crosswalk,1,1.0,0.0,1.0,0.0,1.0,0.0,0.0,0.0,1.0,0.0,26.979932387370745,0.0,0.0,0.0,0.0,0.0,0.3053979134748486,0.0
C2_PHASE_CONTRACT,OOD,stop_intersection,1,0.2,0.0,0.2,0.0,0.2,0.0,0.0,0.0,0.3,0.0,15.914041397205471,0.0,0.08000000000000002,0.0,0.0,0.0,0.2464963875124436,0.0
C2_PHASE_CONTRACT,OOD,lead_brake,1,1.0,0.0,0.0,0.0,1.0,0.0,1.0,0.0,1.0,0.0,34.75508981026087,0.0,0.0,0.0,0.0,0.0,0.28251527929855536,0.0
C2_PHASE_CONTRACT,OOD,ALL,1,0.7333333333333334,0.0,0.39999999999999997,0.0,0.7333333333333334,0.0,0.3333333333333333,0.0,0.7666666666666666,0.0,25.883021198279028,0.0,0.026666666666666672,0.0,0.0,0.0,0.2781365267619492,0.0
D_PHASE_SHIELD,OOD,crosswalk,1,0.0,0.0,0.0,0.0,0.0,0.0,0.0,0.0,0.8,0.0,26.330607533057492,0.0,1.0,0.0,8.1,0.0,1.0071833128296594,0.0
D_PHASE_SHIELD,OOD,stop_intersection,1,0.0,0.0,0.0,0.0,0.0,0.0,0.0,0.0,0.5,0.0,17.364311992999482,0.0,0.1,0.0,1.5,0.0,0.5111562735765707,0.0
D_PHASE_SHIELD,OOD,lead_brake,1,0.0,0.0,0.0,0.0,0.0,0.0,1.0,0.0,1.0,0.0,31.64100726074105,0.0,0.0,0.0,5.6,0.0,0.8054030625439352,0.0
D_PHASE_SHIELD,OOD,ALL,1,0.0,0.0,0.0,0.0,0.0,0.0,0.3333333333333333,0.0,0.7666666666666666,0.0,25.111975595599336,0.0,0.3666666666666667,0.0,5.066666666666666,0.0,0.7745808829833885,0.0
