variant,kind,seeds,unsafe_rate_mean,unsafe_rate_std,forbidden_entry_rate_mean,forbidden_entry_rate_std,collision_rate_mean,collision_rate_std,safe_gap_violation_rate_mean,safe_gap_violation_rate_std,completion_rate_mean,completion_rate_std,mean_progress_m_mean,mean_progress_m_std,mean_released_stop_s_mean,mean_released_stop_s_std,mean_interventions_mean,mean_interventions_std,mean_abs_jerk_mean,mean_abs_jerk_std
A_STATE,crosswalk,1,1.0,0.0,1.0,0.0,1.0,0.0,0.0,0.0,1.0,0.0,26.765868995446862,0.0,0.0,0.0,0.0,0.0,0.28433078117015065,0.0
A_STATE,stop_intersection,1,1.0,0.0,1.0,0.0,1.0,0.0,0.0,0.0,0.75,0.0,24.66388009604082,0.0,0.0,0.0,0.0,0.0,0.7252693149010445,0.0
A_STATE,lead_brake,1,1.0,0.0,0.0,0.0,1.0,0.0,1.0,0.0,1.0,0.0,33.54477819032117,0.0,0.0,0.0,0.0,0.0,0.40043106711240845,0.0
A_STATE,ALL,1,1.0,0.0,0.6666666666666666,0.0,1.0,0.0,0.3333333333333333,0.0,0.9166666666666666,0.0,28.32484242726962,0.0,0.0,0.0,0.0,0.0,0.47001038772786785,0.0
B_COC,crosswalk,1,1.0,0.0,1.0,0.0,1.0,0.0,0.0,0.0,1.0,0.0,26.69586836075094,0.0,0.0,0.0,0.0,0.0,0.4026435712274032,0.0
B_COC,stop_intersection,1,1.0,0.0,1.0,0.0,1.0,0.0,0.0,0.0,1.0,0.0,25.849558934589425,0.0,0.0,0.0,0.0,0.0,0.6065827817364655,0.0
B_COC,lead_brake,1,1.0,0.0,0.0,0.0,1.0,0.0,1.0,0.0,1.0,0.0,33.58633551885622,0.0,0.0,0.0,0.0,0.0,0.3583695197678461,0.0
B_COC,ALL,1,1.0,0.0,0.6666666666666666,0.0,1.0,0.0,0.3333333333333333,0.0,1.0,0.0,28.710587604732194,0.0,0.0,0.0,0.0,0.0,0.4558652909105716,0.0
C_CONTRACT,crosswalk,1,0.0,0.0,0.0,0.0,0.0,0.0,0.0,0.0,1.0,0.0,26.418535936127988,0.0,0.19,0.0,0.0,0.0,1.0841520632401547,0.0
C_CONTRACT,stop_intersection,1,0.2,0.0,0.05,0.0,0.2,0.0,0.0,0.0,1.0,0.0,25.97125087587758,0.0,0.2,0.0,0.0,0.0,1.3786276930289265,0.0
C_CONTRACT,lead_brake,1,0.0,0.0,0.0,0.0,0.0,0.0,0.0,0.0,1.0,0.0,30.51502432567015,0.0,0.0,0.0,0.0,0.0,0.8699190418235958,0.0
C_CONTRACT,ALL,1,0.06666666666666667,0.0,0.016666666666666666,0.0,0.06666666666666667,0.0,0.0,0.0,1.0,0.0,27.634937045891906,0.0,0.13,0.0,0.0,0.0,1.1108995993642257,0.0
D_CONTRACT_SHIELD,crosswalk,1,0.0,0.0,0.0,0.0,0.0,0.0,0.0,0.0,1.0,0.0,26.630418302451524,0.0,0.19,0.0,1.5,0.0,1.1502725182439844,0.0
D_CONTRACT_SHIELD,stop_intersection,1,0.0,0.0,0.0,0.0,0.0,0.0,0.0,0.0,1.0,0.0,25.830684592214556,0.0,0.2,0.0,3.25,0.0,1.451392678965703,0.0
D_CONTRACT_SHIELD,lead_brake,1,0.0,0.0,0.0,0.0,0.0,0.0,0.0,0.0,1.0,0.0,30.51502432567015,0.0,0.0,0.0,0.0,0.0,0.8699190418235958,0.0
D_CONTRACT_SHIELD,ALL,1,0.0,0.0,0.0,0.0,0.0,0.0,0.0,0.0,1.0,0.0,27.658709073445408,0.0,0.13,0.0,1.5833333333333333,0.0,1.1571947463444279,0.0
