case_id,stress_type,kind,initial_distance,ego_speed,reversal_time,reversal_end,reference_x_at_reversal,hazard_intervals,occlusion_intervals
0,crosswalk_reentry,crosswalk,16.940235389314463,7.795941685328351,3.993108754029807,5.512069282165902,-0.7701214290242137,"((0.0, 3.099693547684373), (3.993108754029807, 5.512069282165902))",()
1,crosswalk_reentry,crosswalk,20.861757577143074,6.575570917716462,4.0186932015958075,5.609397092386687,-1.0495955027477117,"((0.0, 3.4223316601142098), (4.0186932015958075, 5.609397092386687))",()
2,crosswalk_reentry,crosswalk,13.432993812538868,7.9699800157085035,4.296649562114899,6.83924087639092,-0.9791092382935405,"((0.0, 3.4549726408822057), (4.296649562114899, 6.83924087639092))",()
3,crosswalk_reentry,crosswalk,18.449598098433476,5.555179630596536,3.505544227545287,6.160201497264346,-0.7669557574429687,"((0.0, 3.006737011594108), (3.505544227545287, 6.160201497264346))",()
4,crosswalk_reentry,crosswalk,13.9767430009746,6.0644389027166214,3.268138393944639,5.115287363249985,-1.2201204876696954,"((0.0, 2.836617793945864), (3.268138393944639, 5.115287363249985))",()
5,crosswalk_reentry,crosswalk,16.78377825557529,7.814035920433058,3.6395997292429247,6.275791595239269,-1.1305811524875304,"((0.0, 3.012603399955492), (3.6395997292429247, 6.275791595239269))",()
6,crosswalk_reentry,crosswalk,13.899241967349578,7.700953468485334,3.451594565982039,4.706244202007359,-0.9802389046117168,"((0.0, 2.6277042225503218), (3.451594565982039, 4.706244202007359))",()
7,crosswalk_reentry,crosswalk,15.106183272477391,5.729230096263393,3.2322824010341002,5.970173807438381,-0.8372324557223343,"((0.0, 2.6429292249317133), (3.2322824010341002, 5.970173807438381))",()
8,crosswalk_reentry,crosswalk,12.515682301095131,5.843087040462052,2.91605020169,5.110432566559873,-1.1222794369036728,"((0.0, 2.4936271534998005), (2.91605020169, 5.110432566559873))",()
9,crosswalk_reentry,crosswalk,17.319605043512617,5.614513503975054,3.989140186985706,5.284308678679719,-0.3265068038580596,"((0.0, 3.099799326092763), (3.989140186985706, 5.284308678679719))",()
10,stop_cross_traffic_reappearance,stop_intersection,19.65061399971058,6.256233825938666,4.672995534202893,6.080453208604165,-0.770587158334933,"((0.0, 2.146941354092997), (4.672995534202893, 6.080453208604165))",()
11,stop_cross_traffic_reappearance,stop_intersection,19.83474709000741,7.325416483851752,4.341703936880154,6.400911182940242,-0.9804119846472903,"((0.0, 2.1138501000067347), (4.341703936880154, 6.400911182940242))",()
12,stop_cross_traffic_reappearance,stop_intersection,19.148281910850457,5.444284058946721,4.29420446276696,5.997281729363026,-1.1295839168925688,"((0.0, 2.831940585258647), (4.29420446276696, 5.997281729363026))",()
13,stop_cross_traffic_reappearance,stop_intersection,17.033524942303934,6.069123295219781,4.063712098153012,6.120021796959399,-0.9808058318199586,"((0.0, 2.054520535026617), (4.063712098153012, 6.120021796959399))",()
14,stop_cross_traffic_reappearance,stop_intersection,16.584072046360205,6.389186774799484,4.254914293165832,6.8284050558836,-0.7707271461882098,"((0.0, 2.2836470392103765), (4.254914293165832, 6.8284050558836))",()
15,stop_cross_traffic_reappearance,stop_intersection,18.488432475945988,5.367474094814106,4.656127010249384,6.222715785530102,-0.7706262232924849,"((0.0, 2.468205306574442), (4.656127010249384, 6.222715785530102))",()
16,stop_cross_traffic_reappearance,stop_intersection,19.566438908221983,7.060524456679713,4.321880464003711,6.017906836643413,-0.7703484520264833,"((0.0, 2.2810657713014977), (4.321880464003711, 6.017906836643413))",()
17,stop_cross_traffic_reappearance,stop_intersection,15.911000110666564,5.96141209742146,4.37840550513885,5.63378926133916,-0.49558872863209213,"((0.0, 2.3642607170781202), (4.37840550513885, 5.63378926133916))",()
18,stop_cross_traffic_reappearance,stop_intersection,17.108990991741173,5.519892495993981,4.5164239639690935,6.736588274739367,-0.4995748766224871,"((0.0, 2.661096854527939), (4.5164239639690935, 6.736588274739367))",()
19,stop_cross_traffic_reappearance,stop_intersection,19.899566329400194,6.8335488595899685,4.44142512450637,6.482551610898694,-0.9805841909708766,"((0.0, 2.0231173146740504), (4.44142512450637, 6.482551610898694))",()
20,crosswalk_reocclusion,crosswalk,14.945631282234187,6.788247080955015,3.213994963562312,5.273334031896381,-0.35357709507194024,"((0.0, 2.4628143551810084),)","((3.213994963562312, 5.273334031896381),)"
21,crosswalk_reocclusion,crosswalk,15.848097962654027,7.045202025047173,4.020206001523686,5.440502678082661,0.7848968998732826,"((0.0, 2.6987396814721167),)","((4.020206001523686, 5.440502678082661),)"
22,crosswalk_reocclusion,crosswalk,18.14132477579801,7.294289330078554,3.644264175356618,4.88860519811273,-0.40648349929117855,"((0.0, 2.8983368585689746),)","((3.644264175356618, 4.88860519811273),)"
23,crosswalk_reocclusion,crosswalk,15.11718816148931,6.780028328586109,3.905175633031175,5.019423249059731,-0.5003496617145089,"((0.0, 2.8897257012308275),)","((3.905175633031175, 5.019423249059731),)"
24,crosswalk_reocclusion,crosswalk,19.766221751639527,7.653679715297857,3.4583999598372097,5.798737679301349,0.3773319814017718,"((0.0, 2.5837788785731077),)","((3.4583999598372097, 5.798737679301349),)"
25,crosswalk_reocclusion,crosswalk,15.375940557046578,7.036699000781514,4.101287725102555,5.4554762301797055,0.9636230729841978,"((0.0, 2.622493344570664),)","((4.101287725102555, 5.4554762301797055),)"
26,crosswalk_reocclusion,crosswalk,13.214606057046776,5.846585741655989,4.368754702184649,6.1162617669267,0.21927255953510322,"((0.0, 2.889999790081672),)","((4.368754702184649, 6.1162617669267),)"
27,crosswalk_reocclusion,crosswalk,18.411564194854307,7.19164919504841,3.7916660771841335,4.99095865081426,-0.7581257062519482,"((0.0, 3.1985934704853225),)","((3.7916660771841335, 4.99095865081426),)"
28,crosswalk_reocclusion,crosswalk,12.091277150674143,5.648654242400611,3.658886360798079,5.736342189086946,0.7062188267052192,"((0.0, 2.2395858629608894),)","((3.658886360798079, 5.736342189086946),)"
29,crosswalk_reocclusion,crosswalk,14.953767391834566,7.48463352448043,3.325398440707111,4.887723928200357,-0.8853596470315486,"((0.0, 2.712872539634114),)","((3.325398440707111, 4.887723928200357),)"
30,stop_reocclusion,stop_intersection,16.145707495670298,5.5324145966674525,4.262074787469949,6.134550625356577,-0.7667105738634883,"((0.0, 2.807829867705582),)","((4.262074787469949, 6.134550625356577),)"
31,stop_reocclusion,stop_intersection,18.688100105560256,6.891392108287837,4.057861032389307,5.887772949838332,-1.1307258657817818,"((0.0, 2.039460913479286),)","((4.057861032389307, 5.887772949838332),)"
32,stop_reocclusion,stop_intersection,13.833491686289133,7.097067148881864,4.520777394139788,5.940496397420245,0.676859362473643,"((0.0, 2.6769905798517146),)","((4.520777394139788, 5.940496397420245),)"
33,stop_reocclusion,stop_intersection,15.517974118315443,5.821484624965444,4.5624171552178465,6.0746536424027635,0.21937012759341185,"((0.0, 2.0291955961553843),)","((4.5624171552178465, 6.0746536424027635),)"
34,stop_reocclusion,stop_intersection,18.836060923691846,6.415973131754584,4.483857438105459,6.667882430171419,-0.770563237140585,"((0.0, 2.7139254278703513),)","((4.483857438105459, 6.667882430171419),)"
35,stop_reocclusion,stop_intersection,19.52429576480093,5.838655675363268,4.658629273477022,6.686954486157515,-0.7702464984550049,"((0.0, 2.889846216543333),)","((4.658629273477022, 6.686954486157515),)"
36,stop_reocclusion,stop_intersection,19.06804109795446,7.075387400075065,4.426911922848492,6.334501916928388,-0.7697865436408848,"((0.0, 2.0317406650459504),)","((4.426911922848492, 6.334501916928388),)"
37,stop_reocclusion,stop_intersection,17.403581451613178,5.35287067205592,4.332308204072958,5.397258971157141,-0.7704978535493386,"((0.0, 2.7904585631898593),)","((4.332308204072958, 5.397258971157141),)"
38,stop_reocclusion,stop_intersection,13.4856718584196,5.443259051506131,4.305322380734494,6.288617359990214,0.21925571504640867,"((0.0, 2.5329262296214763),)","((4.305322380734494, 6.288617359990214),)"
39,stop_reocclusion,stop_intersection,18.739807855674396,6.385470862141746,4.3305762388370805,6.424441945659114,-0.7707107087086901,"((0.0, 2.52168601606009),)","((4.3305762388370805, 6.424441945659114),)"
