seed,variant,case_id,stress_type,reversal_time,reversal_end,reference_x_at_reversal,forbidden_entry,collision,safe_gap_violation,interventions,released_stop_steps,progress,mean_abs_jerk,completed,unsafe
42,A_STATE,0,crosswalk_reentry,3.993108754029807,5.512069282165902,-0.7701214290242137,False,True,False,0,1,25.13323830244099,2.1605491638183594,True,True
42,A_STATE,1,crosswalk_reentry,4.0186932015958075,5.609397092386687,-1.0495955027477117,True,True,False,0,1,29.05263300026873,2.1556582980685763,True,True
42,A_STATE,2,crosswalk_reentry,4.296649562114899,6.83924087639092,-0.9791092382935405,False,False,False,0,2,22.369938137860288,1.6028740543585556,True,False
42,A_STATE,3,crosswalk_reentry,3.505544227545287,6.160201497264346,-0.7669557574429687,True,True,False,0,1,26.529593820887833,2.0432008327321802,True,True
42,A_STATE,4,crosswalk_reentry,3.268138393944639,5.115287363249985,-1.2201204876696954,False,False,False,0,1,22.856071284784022,2.0639557893886122,True,False
42,A_STATE,5,crosswalk_reentry,3.6395997292429247,6.275791595239269,-1.1305811524875304,True,True,False,0,1,24.810893351018585,1.9463051855564117,True,True
42,A_STATE,6,crosswalk_reentry,3.451594565982039,4.706244202007359,-0.9802389046117168,False,True,False,0,2,22.143229859248166,2.2907556258141994,True,True
42,A_STATE,7,crosswalk_reentry,3.2322824010341002,5.970173807438381,-0.8372324557223343,True,True,False,0,1,23.255441238438443,2.0926504031471582,True,True
42,A_STATE,8,crosswalk_reentry,2.91605020169,5.110432566559873,-1.1222794369036728,False,False,False,0,1,21.450263815204934,2.115960121154785,True,False
42,A_STATE,9,crosswalk_reentry,3.989140186985706,5.284308678679719,-0.3265068038580596,False,True,False,0,2,26.013766207534694,2.274394395739533,True,True
42,A_STATE,10,stop_cross_traffic_reappearance,4.672995534202893,6.080453208604165,-0.770587158334933,True,True,False,0,3,28.58024993491874,1.6012039111585032,True,True
42,A_STATE,11,stop_cross_traffic_reappearance,4.341703936880154,6.400911182940242,-0.9804119846472903,False,False,False,0,2,27.854284798816273,1.4995126724243162,True,False
42,A_STATE,12,stop_cross_traffic_reappearance,4.29420446276696,5.997281729363026,-1.1295839168925688,False,False,False,0,2,27.33650991256377,1.48298978805542,True,False
42,A_STATE,13,stop_cross_traffic_reappearance,4.063712098153012,6.120021796959399,-0.9808058318199586,False,False,False,0,2,25.09851373328146,1.4929386352499325,True,False
42,A_STATE,14,stop_cross_traffic_reappearance,4.254914293165832,6.8284050558836,-0.7707271461882098,True,True,False,0,3,25.369888747129167,1.4558084056062517,True,True
42,A_STATE,15,stop_cross_traffic_reappearance,4.656127010249384,6.222715785530102,-0.7706262232924849,True,True,False,0,3,27.38100196077841,1.5181401371955872,True,True
42,A_STATE,16,stop_cross_traffic_reappearance,4.321880464003711,6.017906836643413,-0.7703484520264833,False,False,False,0,2,27.625147760533878,1.559415633479754,True,False
42,A_STATE,17,stop_cross_traffic_reappearance,4.37840550513885,5.63378926133916,-0.49558872863209213,True,True,False,0,3,23.944574625756168,1.6417602870775305,True,True
42,A_STATE,18,stop_cross_traffic_reappearance,4.5164239639690935,6.736588274739367,-0.4995748766224871,True,True,False,0,3,25.929254304639485,1.4453480793879583,True,True
42,A_STATE,19,stop_cross_traffic_reappearance,4.44142512450637,6.482551610898694,-0.9805841909708766,False,False,False,0,3,28.81231054041256,1.5062667692408842,True,False
42,A_STATE,20,crosswalk_reocclusion,3.213994963562312,5.273334031896381,-0.35357709507194024,False,False,False,0,0,23.30460711021302,1.9422633286852102,True,False
42,A_STATE,21,crosswalk_reocclusion,4.020206001523686,5.440502678082661,0.7848968998732826,False,False,False,0,0,23.963654479204507,1.870522336275489,True,False
42,A_STATE,22,crosswalk_reocclusion,3.644264175356618,4.88860519811273,-0.40648349929117855,False,False,False,0,0,26.803534384482766,1.914424023457936,True,False
42,A_STATE,23,crosswalk_reocclusion,3.905175633031175,5.019423249059731,-0.5003496617145089,False,False,False,0,0,23.983466369796417,1.7012715737024944,True,False
42,A_STATE,24,crosswalk_reocclusion,3.4583999598372097,5.798737679301349,0.3773319814017718,False,False,False,0,0,28.012581496945224,2.220057835802436,True,False
42,A_STATE,25,crosswalk_reocclusion,4.101287725102555,5.4554762301797055,0.9636230729841978,False,False,False,0,0,24.08559759294716,2.0133480855396813,True,False
42,A_STATE,26,crosswalk_reocclusion,4.368754702184649,6.1162617669267,0.21927255953510322,False,False,False,0,0,21.507869499135587,1.7662205619196738,True,False
42,A_STATE,27,crosswalk_reocclusion,3.7916660771841335,4.99095865081426,-0.7581257062519482,True,False,False,0,0,26.511577558178892,1.746223527809669,True,True
42,A_STATE,28,crosswalk_reocclusion,3.658886360798079,5.736342189086946,0.7062188267052192,False,False,False,0,0,20.89094215178404,1.8658121360036042,True,False
42,A_STATE,29,crosswalk_reocclusion,3.325398440707111,4.887723928200357,-0.8853596470315486,True,False,False,0,0,23.538859346037334,1.831166339772088,True,True
42,A_STATE,30,stop_reocclusion,4.262074787469949,6.134550625356577,-0.7667105738634883,True,False,False,0,1,24.717833846118076,1.3878479931089611,True,True
42,A_STATE,31,stop_reocclusion,4.057861032389307,5.887772949838332,-1.1307258657817818,True,False,False,0,1,27.315106214134314,1.4912140369415283,True,True
42,A_STATE,32,stop_reocclusion,4.520777394139788,5.940496397420245,0.676859362473643,False,False,False,0,1,22.308457881781138,1.518109061501243,True,False
42,A_STATE,33,stop_reocclusion,4.5624171552178465,6.0746536424027635,0.21937012759341185,True,False,False,0,1,24.00792759641452,1.438629490988595,True,True
42,A_STATE,34,stop_reocclusion,4.483857438105459,6.667882430171419,-0.770563237140585,True,False,False,0,1,27.430004059686894,1.4518574282929702,True,True
42,A_STATE,35,stop_reocclusion,4.658629273477022,6.686954486157515,-0.7702464984550049,True,False,False,0,1,28.10880527143369,1.394487478231129,True,True
42,A_STATE,36,stop_reocclusion,4.426911922848492,6.334501916928388,-0.7697865436408848,True,False,False,0,1,27.641709018945903,1.4648422840479258,True,True
42,A_STATE,37,stop_reocclusion,4.332308204072958,5.397258971157141,-0.7704978535493386,True,False,False,0,1,26.013787143740643,1.3539292361285233,True,True
42,A_STATE,38,stop_reocclusion,4.305322380734494,6.288617359990214,0.21925571504640867,True,False,False,0,1,21.995648216822737,1.4251327689956217,True,True
42,A_STATE,39,stop_reocclusion,4.3305762388370805,6.424441945659114,-0.7707107087086901,True,False,False,0,1,27.381673201338145,1.4478875173104777,True,True
42,B_COC,0,crosswalk_reentry,3.993108754029807,5.512069282165902,-0.7701214290242137,False,True,False,0,1,25.568607643293674,1.9774232733817325,True,True
42,B_COC,1,crosswalk_reentry,4.0186932015958075,5.609397092386687,-1.0495955027477117,False,True,False,0,1,29.135066701959104,1.9714570877163908,True,True
42,B_COC,2,crosswalk_reentry,4.296649562114899,6.83924087639092,-0.9791092382935405,False,True,False,0,2,22.376532625756553,1.394164462884267,True,True
42,B_COC,3,crosswalk_reentry,3.505544227545287,6.160201497264346,-0.7669557574429687,True,True,False,0,1,26.90951951341794,1.815409867659859,True,True
42,B_COC,4,crosswalk_reentry,3.268138393944639,5.115287363249985,-1.2201204876696954,True,True,False,0,1,22.872186361500916,1.890229270571754,True,True
42,B_COC,5,crosswalk_reentry,3.6395997292429247,6.275791595239269,-1.1305811524875304,False,True,False,0,1,25.442449743780394,1.739903333339285,True,True
42,B_COC,6,crosswalk_reentry,3.451594565982039,4.706244202007359,-0.9802389046117168,False,True,False,0,1,22.640490666287704,2.0809748651165707,True,True
42,B_COC,7,crosswalk_reentry,3.2322824010341002,5.970173807438381,-0.8372324557223343,False,True,False,0,1,23.20230006728017,1.8977215615185823,True,True
42,B_COC,8,crosswalk_reentry,2.91605020169,5.110432566559873,-1.1222794369036728,True,True,False,0,1,21.48005514493765,1.9059282257443382,True,True
42,B_COC,9,crosswalk_reentry,3.989140186985706,5.284308678679719,-0.3265068038580596,False,True,False,0,1,25.567954116581333,2.1115315556526184,True,True
42,B_COC,10,stop_cross_traffic_reappearance,4.672995534202893,6.080453208604165,-0.770587158334933,True,True,False,0,3,27.97028839094148,1.5121796354651451,True,True
42,B_COC,11,stop_cross_traffic_reappearance,4.341703936880154,6.400911182940242,-0.9804119846472903,False,False,False,0,2,28.17750053288085,1.386749619245529,True,False
42,B_COC,12,stop_cross_traffic_reappearance,4.29420446276696,5.997281729363026,-1.1295839168925688,False,False,False,0,2,27.498902178956484,1.3689253558503818,True,False
42,B_COC,13,stop_cross_traffic_reappearance,4.063712098153012,6.120021796959399,-0.9808058318199586,False,False,False,0,2,25.380964091797026,1.378101265678803,True,False
42,B_COC,14,stop_cross_traffic_reappearance,4.254914293165832,6.8284050558836,-0.7707271461882098,True,True,False,0,3,24.871961271557538,1.3577613463768592,True,True
42,B_COC,15,stop_cross_traffic_reappearance,4.656127010249384,6.222715785530102,-0.7706262232924849,True,True,False,0,3,26.799495050454315,1.4137549789584414,True,True
42,B_COC,16,stop_cross_traffic_reappearance,4.321880464003711,6.017906836643413,-0.7703484520264833,False,False,False,0,2,27.913734501474686,1.4322512472669282,True,False
42,B_COC,17,stop_cross_traffic_reappearance,4.37840550513885,5.63378926133916,-0.49558872863209213,True,True,False,0,3,24.253299363519567,1.5008210876713628,True,True
42,B_COC,18,stop_cross_traffic_reappearance,4.5164239639690935,6.736588274739367,-0.4995748766224871,True,True,False,0,3,25.40456446694532,1.3662809484145222,True,True
42,B_COC,19,stop_cross_traffic_reappearance,4.44142512450637,6.482551610898694,-0.9805841909708766,False,False,False,0,2,28.22587541077008,1.4143014669418335,True,False
42,B_COC,20,crosswalk_reocclusion,3.213994963562312,5.273334031896381,-0.35357709507194024,False,False,False,0,0,24.10794022443708,1.7214826345443726,True,False
42,B_COC,21,crosswalk_reocclusion,4.020206001523686,5.440502678082661,0.7848968998732826,False,False,False,0,0,24.652809251213718,1.6235824273182793,True,False
42,B_COC,22,crosswalk_reocclusion,3.644264175356618,4.88860519811273,-0.40648349929117855,False,False,False,0,0,27.287393254664526,1.5827617601112083,True,False
42,B_COC,23,crosswalk_reocclusion,3.905175633031175,5.019423249059731,-0.5003496617145089,False,False,False,0,0,23.747532399170822,1.5098767408302851,True,False
42,B_COC,24,crosswalk_reocclusion,3.4583999598372097,5.798737679301349,0.3773319814017718,False,False,False,0,0,28.248448841493072,2.04554989286091,True,False
42,B_COC,25,crosswalk_reocclusion,4.101287725102555,5.4554762301797055,0.9636230729841978,False,False,False,0,0,23.915989561123634,1.6150113481741684,True,False
42,B_COC,26,crosswalk_reocclusion,4.368754702184649,6.1162617669267,0.21927255953510322,False,False,False,0,0,21.787230022650732,1.403101477129706,True,False
42,B_COC,27,crosswalk_reocclusion,3.7916660771841335,4.99095865081426,-0.7581257062519482,False,False,False,0,0,26.885078092128587,1.532769650220871,True,False
42,B_COC,28,crosswalk_reocclusion,3.658886360798079,5.736342189086946,0.7062188267052192,False,False,False,0,0,20.374556583783452,1.6681960225105286,True,False
42,B_COC,29,crosswalk_reocclusion,3.325398440707111,4.887723928200357,-0.8853596470315486,False,False,False,0,0,23.193270517657233,1.5638446120115426,True,False
42,B_COC,30,stop_reocclusion,4.262074787469949,6.134550625356577,-0.7667105738634883,True,False,False,0,1,24.63985296552979,1.309116995996899,True,True
42,B_COC,31,stop_reocclusion,4.057861032389307,5.887772949838332,-1.1307258657817818,True,False,False,0,1,27.284909456221673,1.3856423066722023,True,True
42,B_COC,32,stop_reocclusion,4.520777394139788,5.940496397420245,0.676859362473643,False,False,False,0,1,22.22058614534405,1.4144370050141304,True,False
42,B_COC,33,stop_reocclusion,4.5624171552178465,6.0746536424027635,0.21937012759341185,True,False,False,0,1,23.940761987487218,1.3366354363305226,True,True
42,B_COC,34,stop_reocclusion,4.483857438105459,6.667882430171419,-0.770563237140585,True,False,False,0,1,27.351767810001604,1.3344467008436047,True,True
42,B_COC,35,stop_reocclusion,4.658629273477022,6.686954486157515,-0.7702464984550049,True,False,False,0,1,28.031709490465023,1.27682405082803,True,True
42,B_COC,36,stop_reocclusion,4.426911922848492,6.334501916928388,-0.7697865436408848,True,False,False,0,1,27.601402091980198,1.3523413361729801,True,True
42,B_COC,37,stop_reocclusion,4.332308204072958,5.397258971157141,-0.7704978535493386,True,False,False,0,1,25.926190148655166,1.272387842874269,True,True
42,B_COC,38,stop_reocclusion,4.305322380734494,6.288617359990214,0.21925571504640867,True,False,False,0,1,21.898684792127316,1.3766693542985355,True,True
42,B_COC,39,stop_reocclusion,4.3305762388370805,6.424441945659114,-0.7707107087086901,True,False,False,0,1,27.311252646461817,1.3192589862926587,True,True
42,C_CONTRACT,0,crosswalk_reentry,3.993108754029807,5.512069282165902,-0.7701214290242137,True,True,False,0,1,25.628568726451746,2.74959113787521,True,True
42,C_CONTRACT,1,crosswalk_reentry,4.0186932015958075,5.609397092386687,-1.0495955027477117,True,True,False,0,1,29.734143113927082,2.69976101981269,True,True
42,C_CONTRACT,2,crosswalk_reentry,4.296649562114899,6.83924087639092,-0.9791092382935405,False,False,False,0,2,21.94149563915282,2.104624299442067,True,False
42,C_CONTRACT,3,crosswalk_reentry,3.505544227545287,6.160201497264346,-0.7669557574429687,True,True,False,0,1,27.219562882798932,2.373344948951234,True,True
42,C_CONTRACT,4,crosswalk_reentry,3.268138393944639,5.115287363249985,-1.2201204876696954,False,False,False,0,1,22.193136457204567,2.426541073336488,True,False
42,C_CONTRACT,5,crosswalk_reentry,3.6395997292429247,6.275791595239269,-1.1305811524875304,False,False,False,0,1,25.163744877941564,2.353307738279303,True,False
42,C_CONTRACT,6,crosswalk_reentry,3.451594565982039,4.706244202007359,-0.9802389046117168,True,True,False,0,1,22.616227104738726,3.0030950158834457,True,True
42,C_CONTRACT,7,crosswalk_reentry,3.2322824010341002,5.970173807438381,-0.8372324557223343,True,True,False,0,1,23.356133366381485,2.4908056788974338,True,True
42,C_CONTRACT,8,crosswalk_reentry,2.91605020169,5.110432566559873,-1.1222794369036728,False,False,False,0,1,20.890766530694385,2.8295841103508357,True,False
42,C_CONTRACT,9,crosswalk_reentry,3.989140186985706,5.284308678679719,-0.3265068038580596,False,True,False,0,1,26.04985935493174,2.733112687156314,True,True
42,C_CONTRACT,10,stop_cross_traffic_reappearance,4.672995534202893,6.080453208604165,-0.770587158334933,False,False,False,0,2,27.934171951241353,2.3074177097766957,True,False
42,C_CONTRACT,11,stop_cross_traffic_reappearance,4.341703936880154,6.400911182940242,-0.9804119846472903,False,False,False,0,2,28.796434362546037,2.0098402738571166,True,False
42,C_CONTRACT,12,stop_cross_traffic_reappearance,4.29420446276696,5.997281729363026,-1.1295839168925688,False,False,False,0,2,27.92342839176795,1.770276756996804,True,False
42,C_CONTRACT,13,stop_cross_traffic_reappearance,4.063712098153012,6.120021796959399,-0.9808058318199586,False,False,False,0,2,26.029953376431617,2.0090625062584877,True,False
42,C_CONTRACT,14,stop_cross_traffic_reappearance,4.254914293165832,6.8284050558836,-0.7707271461882098,False,False,False,0,2,24.773572284699952,2.1200153406928566,True,False
42,C_CONTRACT,15,stop_cross_traffic_reappearance,4.656127010249384,6.222715785530102,-0.7706262232924849,False,False,False,0,2,26.737369127260614,2.3220938071608543,True,False
42,C_CONTRACT,16,stop_cross_traffic_reappearance,4.321880464003711,6.017906836643413,-0.7703484520264833,False,False,False,0,2,28.56886848899085,2.0461935425798097,True,False
42,C_CONTRACT,17,stop_cross_traffic_reappearance,4.37840550513885,5.63378926133916,-0.49558872863209213,False,False,False,0,2,24.525774941428885,2.7733006874720254,True,False
42,C_CONTRACT,18,stop_cross_traffic_reappearance,4.5164239639690935,6.736588274739367,-0.4995748766224871,False,False,False,0,2,25.658004219380167,2.5241196393966674,True,False
42,C_CONTRACT,19,stop_cross_traffic_reappearance,4.44142512450637,6.482551610898694,-0.9805841909708766,False,False,False,0,2,28.11382975401279,2.395477416564007,True,False
42,C_CONTRACT,20,crosswalk_reocclusion,3.213994963562312,5.273334031896381,-0.35357709507194024,False,False,False,0,1,23.812042641754,2.6302193885757807,True,False
42,C_CONTRACT,21,crosswalk_reocclusion,4.020206001523686,5.440502678082661,0.7848968998732826,False,False,False,0,1,24.462116543011025,2.826757118105888,True,False
42,C_CONTRACT,22,crosswalk_reocclusion,3.644264175356618,4.88860519811273,-0.40648349929117855,False,False,False,0,1,26.16394920478953,2.9200658431419955,True,False
42,C_CONTRACT,23,crosswalk_reocclusion,3.905175633031175,5.019423249059731,-0.5003496617145089,False,False,False,0,1,24.08782709367011,3.016764876388368,True,False
42,C_CONTRACT,24,crosswalk_reocclusion,3.4583999598372097,5.798737679301349,0.3773319814017718,False,False,False,0,1,28.19133748653561,2.6778891755313405,True,False
42,C_CONTRACT,25,crosswalk_reocclusion,4.101287725102555,5.4554762301797055,0.9636230729841978,False,False,False,0,1,23.614470491139784,2.8588811159133907,True,False
42,C_CONTRACT,26,crosswalk_reocclusion,4.368754702184649,6.1162617669267,0.21927255953510322,False,False,False,0,2,21.76844225236259,2.794988621836123,True,False
42,C_CONTRACT,27,crosswalk_reocclusion,3.7916660771841335,4.99095865081426,-0.7581257062519482,True,False,False,0,1,27.222356485297357,2.8851220520531253,True,True
42,C_CONTRACT,28,crosswalk_reocclusion,3.658886360798079,5.736342189086946,0.7062188267052192,False,False,False,0,1,20.46416662435105,2.7328819181860946,True,False
42,C_CONTRACT,29,crosswalk_reocclusion,3.325398440707111,4.887723928200357,-0.8853596470315486,True,False,False,0,1,23.52061371147561,2.841537551182072,True,True
42,C_CONTRACT,30,stop_reocclusion,4.262074787469949,6.134550625356577,-0.7667105738634883,False,False,False,0,2,24.839048997368444,2.4549701934059462,True,False
42,C_CONTRACT,31,stop_reocclusion,4.057861032389307,5.887772949838332,-1.1307258657817818,False,False,False,0,2,26.850606033055406,2.4826829864623696,True,False
42,C_CONTRACT,32,stop_reocclusion,4.520777394139788,5.940496397420245,0.676859362473643,False,False,False,0,2,22.01800186752591,2.6614447832107544,True,False
42,C_CONTRACT,33,stop_reocclusion,4.5624171552178465,6.0746536424027635,0.21937012759341185,False,False,False,0,2,24.120429437676812,2.6426829429382974,True,False
42,C_CONTRACT,34,stop_reocclusion,4.483857438105459,6.667882430171419,-0.770563237140585,False,False,False,0,2,27.34724659489059,2.327221117767633,True,False
42,C_CONTRACT,35,stop_reocclusion,4.658629273477022,6.686954486157515,-0.7702464984550049,False,False,False,0,2,28.1064072138537,2.318751847042757,True,False
42,C_CONTRACT,36,stop_reocclusion,4.426911922848492,6.334501916928388,-0.7697865436408848,False,False,False,0,2,27.747884722352246,2.450231350198084,True,False
42,C_CONTRACT,37,stop_reocclusion,4.332308204072958,5.397258971157141,-0.7704978535493386,False,False,False,0,2,26.082836952570666,2.6926335015080194,True,False
42,C_CONTRACT,38,stop_reocclusion,4.305322380734494,6.288617359990214,0.21925571504640867,False,False,False,0,2,21.953274371232702,2.430694413681825,True,False
42,C_CONTRACT,39,stop_reocclusion,4.3305762388370805,6.424441945659114,-0.7707107087086901,False,False,False,0,2,26.92992751227388,2.349277091026306,True,False
42,C2_PHASE_CONTRACT,0,crosswalk_reentry,3.993108754029807,5.512069282165902,-0.7701214290242137,True,True,False,0,1,25.527321890862332,2.700546553189104,True,True
42,C2_PHASE_CONTRACT,1,crosswalk_reentry,4.0186932015958075,5.609397092386687,-1.0495955027477117,True,True,False,0,1,29.695070034698674,2.58497314982944,True,True
42,C2_PHASE_CONTRACT,2,crosswalk_reentry,4.296649562114899,6.83924087639092,-0.9791092382935405,False,False,False,0,2,21.44192214475124,1.9333171844482422,True,False
42,C2_PHASE_CONTRACT,3,crosswalk_reentry,3.505544227545287,6.160201497264346,-0.7669557574429687,True,True,False,0,1,26.94082779334786,2.3234060470094073,True,True
42,C2_PHASE_CONTRACT,4,crosswalk_reentry,3.268138393944639,5.115287363249985,-1.2201204876696954,False,False,False,0,1,22.886938033150617,2.3643754803857138,True,False
42,C2_PHASE_CONTRACT,5,crosswalk_reentry,3.6395997292429247,6.275791595239269,-1.1305811524875304,False,False,False,0,1,24.851432265891418,2.278980618963639,True,False
42,C2_PHASE_CONTRACT,6,crosswalk_reentry,3.451594565982039,4.706244202007359,-0.9802389046117168,True,True,False,0,1,22.581909744814403,2.9439493510872126,True,True
42,C2_PHASE_CONTRACT,7,crosswalk_reentry,3.2322824010341002,5.970173807438381,-0.8372324557223343,True,True,False,0,1,23.13851432338889,2.4382428063286676,True,True
42,C2_PHASE_CONTRACT,8,crosswalk_reentry,2.91605020169,5.110432566559873,-1.1222794369036728,False,False,False,0,1,20.70043505696519,2.692038558778308,True,False
42,C2_PHASE_CONTRACT,9,crosswalk_reentry,3.989140186985706,5.284308678679719,-0.3265068038580596,False,True,False,0,1,26.034007026988895,2.652182522274199,True,True
42,C2_PHASE_CONTRACT,10,stop_cross_traffic_reappearance,4.672995534202893,6.080453208604165,-0.770587158334933,True,True,False,0,1,27.673945837513315,1.7101515928904214,True,True
42,C2_PHASE_CONTRACT,11,stop_cross_traffic_reappearance,4.341703936880154,6.400911182940242,-0.9804119846472903,True,True,False,0,2,28.74281175674541,1.6391883699261411,True,True
42,C2_PHASE_CONTRACT,12,stop_cross_traffic_reappearance,4.29420446276696,5.997281729363026,-1.1295839168925688,False,False,False,0,2,27.56610615338227,1.6128990313281182,True,False
42,C2_PHASE_CONTRACT,13,stop_cross_traffic_reappearance,4.063712098153012,6.120021796959399,-0.9808058318199586,True,False,False,0,2,26.01186591811911,1.6736144968803892,True,True
42,C2_PHASE_CONTRACT,14,stop_cross_traffic_reappearance,4.254914293165832,6.8284050558836,-0.7707271461882098,True,True,False,0,2,25.057780002029215,1.5341098785400389,True,True
42,C2_PHASE_CONTRACT,15,stop_cross_traffic_reappearance,4.656127010249384,6.222715785530102,-0.7706262232924849,True,True,False,0,1,27.373816533075736,1.6414340633027096,True,True
42,C2_PHASE_CONTRACT,16,stop_cross_traffic_reappearance,4.321880464003711,6.017906836643413,-0.7703484520264833,False,False,False,0,2,27.630495348894186,1.7250535928684732,True,False
42,C2_PHASE_CONTRACT,17,stop_cross_traffic_reappearance,4.37840550513885,5.63378926133916,-0.49558872863209213,True,True,False,0,1,23.9171385860288,1.8520641604135202,True,True
42,C2_PHASE_CONTRACT,18,stop_cross_traffic_reappearance,4.5164239639690935,6.736588274739367,-0.4995748766224871,True,True,False,0,2,25.710986086276314,1.573950076589779,True,True
42,C2_PHASE_CONTRACT,19,stop_cross_traffic_reappearance,4.44142512450637,6.482551610898694,-0.9805841909708766,False,False,False,0,2,28.869042985010104,1.595099398068019,True,False
42,C2_PHASE_CONTRACT,20,crosswalk_reocclusion,3.213994963562312,5.273334031896381,-0.35357709507194024,False,False,False,0,1,23.65310500871643,2.5754305294581816,True,False
42,C2_PHASE_CONTRACT,21,crosswalk_reocclusion,4.020206001523686,5.440502678082661,0.7848968998732826,False,False,False,0,1,24.476934469298673,2.749116033315658,True,False
42,C2_PHASE_CONTRACT,22,crosswalk_reocclusion,3.644264175356618,4.88860519811273,-0.40648349929117855,False,False,False,0,1,27.02489578385513,2.7708310037851334,True,False
42,C2_PHASE_CONTRACT,23,crosswalk_reocclusion,3.905175633031175,5.019423249059731,-0.5003496617145089,False,False,False,0,1,23.12003911382888,3.018418332425559,True,False
42,C2_PHASE_CONTRACT,24,crosswalk_reocclusion,3.4583999598372097,5.798737679301349,0.3773319814017718,False,False,False,0,1,28.072240961522166,2.6549893908384368,True,False
42,C2_PHASE_CONTRACT,25,crosswalk_reocclusion,4.101287725102555,5.4554762301797055,0.9636230729841978,False,False,False,0,1,23.668660596339592,2.7628406733274455,True,False
42,C2_PHASE_CONTRACT,26,crosswalk_reocclusion,4.368754702184649,6.1162617669267,0.21927255953510322,False,False,False,0,2,21.495568334246492,2.6327229582745098,True,False
42,C2_PHASE_CONTRACT,27,crosswalk_reocclusion,3.7916660771841335,4.99095865081426,-0.7581257062519482,True,False,False,0,1,27.17377278017012,2.779890545984594,True,True
42,C2_PHASE_CONTRACT,28,crosswalk_reocclusion,3.658886360798079,5.736342189086946,0.7062188267052192,False,False,False,0,1,20.518397582574394,2.6713935340323096,True,False
42,C2_PHASE_CONTRACT,29,crosswalk_reocclusion,3.325398440707111,4.887723928200357,-0.8853596470315486,True,False,False,0,1,23.419109781038635,2.720860533597993,True,True
42,C2_PHASE_CONTRACT,30,stop_reocclusion,4.262074787469949,6.134550625356577,-0.7667105738634883,True,False,False,0,2,24.645473907319612,1.7423908507570307,True,True
42,C2_PHASE_CONTRACT,31,stop_reocclusion,4.057861032389307,5.887772949838332,-1.1307258657817818,False,False,False,0,2,27.409335918974023,1.6058151138589738,True,False
42,C2_PHASE_CONTRACT,32,stop_reocclusion,4.520777394139788,5.940496397420245,0.676859362473643,False,False,False,0,2,22.448067254417275,2.0097928020087155,True,False
42,C2_PHASE_CONTRACT,33,stop_reocclusion,4.5624171552178465,6.0746536424027635,0.21937012759341185,True,False,False,0,2,24.11581442705765,2.052773003992827,True,True
42,C2_PHASE_CONTRACT,34,stop_reocclusion,4.483857438105459,6.667882430171419,-0.770563237140585,True,False,False,0,2,27.312856205716365,1.700421106815338,True,True
42,C2_PHASE_CONTRACT,35,stop_reocclusion,4.658629273477022,6.686954486157515,-0.7702464984550049,True,False,False,0,2,28.00851939783946,1.6377756714820861,True,True
42,C2_PHASE_CONTRACT,36,stop_reocclusion,4.426911922848492,6.334501916928388,-0.7697865436408848,True,False,False,0,2,27.57328837758637,1.6930815329154332,True,True
42,C2_PHASE_CONTRACT,37,stop_reocclusion,4.332308204072958,5.397258971157141,-0.7704978535493386,False,False,False,0,2,25.7562850586492,1.8437812633292618,True,False
42,C2_PHASE_CONTRACT,38,stop_reocclusion,4.305322380734494,6.288617359990214,0.21925571504640867,True,False,False,0,2,22.054645348992057,1.947870964699603,True,True
42,C2_PHASE_CONTRACT,39,stop_reocclusion,4.3305762388370805,6.424441945659114,-0.7707107087086901,False,False,False,0,2,26.77557417900929,1.6624448858961767,True,False
42,D_CORRECT_CONTRACT,0,crosswalk_reentry,3.993108754029807,5.512069282165902,-0.7701214290242137,False,False,False,11,2,25.40965540089835,2.8851554724905224,True,False
42,D_CORRECT_CONTRACT,1,crosswalk_reentry,4.0186932015958075,5.609397092386687,-1.0495955027477117,False,False,False,10,1,29.386210733252625,2.8691310727077983,True,False
42,D_CORRECT_CONTRACT,2,crosswalk_reentry,4.296649562114899,6.83924087639092,-0.9791092382935405,False,False,False,10,2,21.8511584290562,2.3270396796556616,True,False
42,D_CORRECT_CONTRACT,3,crosswalk_reentry,3.505544227545287,6.160201497264346,-0.7669557574429687,False,False,False,13,1,26.91921474710326,2.5638894736766815,True,False
42,D_CORRECT_CONTRACT,4,crosswalk_reentry,3.268138393944639,5.115287363249985,-1.2201204876696954,False,False,False,6,2,22.386732932013626,3.023255813953488,True,False
42,D_CORRECT_CONTRACT,5,crosswalk_reentry,3.6395997292429247,6.275791595239269,-1.1305811524875304,False,False,False,8,2,25.19304050704035,2.6392769614855447,True,False
42,D_CORRECT_CONTRACT,6,crosswalk_reentry,3.451594565982039,4.706244202007359,-0.9802389046117168,False,False,False,9,2,22.529116383403785,3.04065065594708,True,False
42,D_CORRECT_CONTRACT,7,crosswalk_reentry,3.2322824010341002,5.970173807438381,-0.8372324557223343,True,True,False,14,1,23.88910364378573,2.7623284349204793,True,True
42,D_CORRECT_CONTRACT,8,crosswalk_reentry,2.91605020169,5.110432566559873,-1.1222794369036728,False,False,False,7,1,20.925493796293985,3.023255813953488,True,False
42,D_CORRECT_CONTRACT,9,crosswalk_reentry,3.989140186985706,5.284308678679719,-0.3265068038580596,True,True,False,8,1,25.83076874810989,3.023255813953488,True,True
42,D_CORRECT_CONTRACT,10,stop_cross_traffic_reappearance,4.672995534202893,6.080453208604165,-0.770587158334933,False,False,False,9,2,28.32114679842761,2.722731565849648,True,False
42,D_CORRECT_CONTRACT,11,stop_cross_traffic_reappearance,4.341703936880154,6.400911182940242,-0.9804119846472903,False,False,False,8,2,28.04534092586332,2.6133834389845534,True,False
42,D_CORRECT_CONTRACT,12,stop_cross_traffic_reappearance,4.29420446276696,5.997281729363026,-1.1295839168925688,False,False,False,6,2,27.372243115552504,2.75771878543475,True,False
42,D_CORRECT_CONTRACT,13,stop_cross_traffic_reappearance,4.063712098153012,6.120021796959399,-0.9808058318199586,False,False,False,8,2,25.25299426040545,2.704170743624369,True,False
42,D_CORRECT_CONTRACT,14,stop_cross_traffic_reappearance,4.254914293165832,6.8284050558836,-0.7707271461882098,False,False,False,14,2,24.788260567356765,2.4953203010253415,True,False
42,D_CORRECT_CONTRACT,15,stop_cross_traffic_reappearance,4.656127010249384,6.222715785530102,-0.7706262232924849,False,False,False,10,2,27.046103509515284,2.6415288561866395,True,False
42,D_CORRECT_CONTRACT,16,stop_cross_traffic_reappearance,4.321880464003711,6.017906836643413,-0.7703484520264833,False,False,False,8,2,27.786202564177522,2.7156375100215273,True,False
42,D_CORRECT_CONTRACT,17,stop_cross_traffic_reappearance,4.37840550513885,5.63378926133916,-0.49558872863209213,False,False,False,10,2,24.589365576210568,2.8197193188943723,True,False
42,D_CORRECT_CONTRACT,18,stop_cross_traffic_reappearance,4.5164239639690935,6.736588274739367,-0.4995748766224871,False,False,False,13,2,25.34045422512522,2.529850655911015,True,False
42,D_CORRECT_CONTRACT,19,stop_cross_traffic_reappearance,4.44142512450637,6.482551610898694,-0.9805841909708766,False,False,False,11,2,28.111423115043564,2.6197450613975524,True,False
42,D_CORRECT_CONTRACT,20,crosswalk_reocclusion,3.213994963562312,5.273334031896381,-0.35357709507194024,False,False,False,8,1,23.053195773017826,2.875644138881138,True,False
42,D_CORRECT_CONTRACT,21,crosswalk_reocclusion,4.020206001523686,5.440502678082661,0.7848968998732826,False,False,False,6,1,24.120308855132407,3.1592439732900477,True,False
42,D_CORRECT_CONTRACT,22,crosswalk_reocclusion,3.644264175356618,4.88860519811273,-0.40648349929117855,False,False,False,5,1,26.35952272843016,3.2531606952349343,True,False
42,D_CORRECT_CONTRACT,23,crosswalk_reocclusion,3.905175633031175,5.019423249059731,-0.5003496617145089,False,False,False,8,2,24.136757271076704,3.0074269688406656,True,False
42,D_CORRECT_CONTRACT,24,crosswalk_reocclusion,3.4583999598372097,5.798737679301349,0.3773319814017718,False,False,False,6,1,27.918026374310557,2.6549893908384368,True,False
42,D_CORRECT_CONTRACT,25,crosswalk_reocclusion,4.101287725102555,5.4554762301797055,0.9636230729841978,False,False,False,6,1,23.96622202755167,3.068850797320169,True,False
42,D_CORRECT_CONTRACT,26,crosswalk_reocclusion,4.368754702184649,6.1162617669267,0.21927255953510322,False,False,False,10,2,21.837355021901423,2.7659574468085104,True,False
42,D_CORRECT_CONTRACT,27,crosswalk_reocclusion,3.7916660771841335,4.99095865081426,-0.7581257062519482,False,False,False,7,1,27.317397594224847,3.1233646614210944,True,False
42,D_CORRECT_CONTRACT,28,crosswalk_reocclusion,3.658886360798079,5.736342189086946,0.7062188267052192,False,False,False,9,1,20.205417561932112,3.0952380952380953,True,False
42,D_CORRECT_CONTRACT,29,crosswalk_reocclusion,3.325398440707111,4.887723928200357,-0.8853596470315486,False,False,False,9,1,23.4584021321528,3.042744823864528,True,False
42,D_CORRECT_CONTRACT,30,stop_reocclusion,4.262074787469949,6.134550625356577,-0.7667105738634883,False,False,False,10,2,24.359503749418167,2.700539800028006,True,False
42,D_CORRECT_CONTRACT,31,stop_reocclusion,4.057861032389307,5.887772949838332,-1.1307258657817818,False,False,False,7,2,26.890718157064057,2.7672130503553025,True,False
42,D_CORRECT_CONTRACT,32,stop_reocclusion,4.520777394139788,5.940496397420245,0.676859362473643,False,False,False,9,2,22.16175747131665,2.8167438701347067,True,False
42,D_CORRECT_CONTRACT,33,stop_reocclusion,4.5624171552178465,6.0746536424027635,0.21937012759341185,True,False,False,11,2,23.519119556362483,2.7621404668118092,True,True
42,D_CORRECT_CONTRACT,34,stop_reocclusion,4.483857438105459,6.667882430171419,-0.770563237140585,False,False,False,11,2,27.0247567806392,2.553080741096945,True,False
42,D_CORRECT_CONTRACT,35,stop_reocclusion,4.658629273477022,6.686954486157515,-0.7702464984550049,False,False,False,10,2,27.71833753963764,2.543881912636601,True,False
42,D_CORRECT_CONTRACT,36,stop_reocclusion,4.426911922848492,6.334501916928388,-0.7697865436408848,False,False,False,12,2,27.524263401412334,2.6601477545134875,True,False
42,D_CORRECT_CONTRACT,37,stop_reocclusion,4.332308204072958,5.397258971157141,-0.7704978535493386,False,False,False,7,2,25.644980206640383,2.9500120878219604,True,False
42,D_CORRECT_CONTRACT,38,stop_reocclusion,4.305322380734494,6.288617359990214,0.21925571504640867,True,False,False,13,2,22.30172538331471,2.6470244814749475,True,True
42,D_CORRECT_CONTRACT,39,stop_reocclusion,4.3305762388370805,6.424441945659114,-0.7707107087086901,False,False,False,8,2,26.920289285059162,2.603954243659973,True,False
42,D_ORACLE_LOOKAHEAD_0P8,0,crosswalk_reentry,3.993108754029807,5.512069282165902,-0.7701214290242137,False,False,False,7,5,25.34569997809956,1.7696087850464717,True,False
42,D_ORACLE_LOOKAHEAD_0P8,1,crosswalk_reentry,4.0186932015958075,5.609397092386687,-1.0495955027477117,False,False,False,5,4,29.268193377996674,1.7437195207761684,True,False
42,D_ORACLE_LOOKAHEAD_0P8,2,crosswalk_reentry,4.296649562114899,6.83924087639092,-0.9791092382935405,False,False,False,6,5,21.842608266427902,1.932537874350181,True,False
42,D_ORACLE_LOOKAHEAD_0P8,3,crosswalk_reentry,3.505544227545287,6.160201497264346,-0.7669557574429687,False,False,False,3,2,26.850741595849144,1.3541666666666665,True,False
42,D_ORACLE_LOOKAHEAD_0P8,4,crosswalk_reentry,3.268138393944639,5.115287363249985,-1.2201204876696954,False,False,False,5,3,22.377439584436374,1.7962811122569002,True,False
42,D_ORACLE_LOOKAHEAD_0P8,5,crosswalk_reentry,3.6395997292429247,6.275791595239269,-1.1305811524875304,False,False,False,6,4,25.18699661996159,1.553353315713454,True,False
42,D_ORACLE_LOOKAHEAD_0P8,6,crosswalk_reentry,3.451594565982039,4.706244202007359,-0.9802389046117168,False,False,False,7,5,22.307548510660972,1.7597056049399262,True,False
42,D_ORACLE_LOOKAHEAD_0P8,7,crosswalk_reentry,3.2322824010341002,5.970173807438381,-0.8372324557223343,False,False,False,5,4,23.505077493332475,1.6493827197568636,True,False
42,D_ORACLE_LOOKAHEAD_0P8,8,crosswalk_reentry,2.91605020169,5.110432566559873,-1.1222794369036728,False,False,False,4,3,20.91223137623894,1.807959381000016,True,False
42,D_ORACLE_LOOKAHEAD_0P8,9,crosswalk_reentry,3.989140186985706,5.284308678679719,-0.3265068038580596,False,False,False,6,5,25.726668601637776,1.781623954122717,True,False
42,D_ORACLE_LOOKAHEAD_0P8,10,stop_cross_traffic_reappearance,4.672995534202893,6.080453208604165,-0.770587158334933,False,False,False,6,6,27.86970142852833,2.6185177562551365,True,False
42,D_ORACLE_LOOKAHEAD_0P8,11,stop_cross_traffic_reappearance,4.341703936880154,6.400911182940242,-0.9804119846472903,False,False,False,6,4,28.04933753154768,1.4429346692562102,True,False
42,D_ORACLE_LOOKAHEAD_0P8,12,stop_cross_traffic_reappearance,4.29420446276696,5.997281729363026,-1.1295839168925688,False,False,False,5,3,27.37151016154462,1.495278681423647,True,False
42,D_ORACLE_LOOKAHEAD_0P8,13,stop_cross_traffic_reappearance,4.063712098153012,6.120021796959399,-0.9808058318199586,False,False,False,6,4,25.2530513978451,1.4839215971943405,True,False
42,D_ORACLE_LOOKAHEAD_0P8,14,stop_cross_traffic_reappearance,4.254914293165832,6.8284050558836,-0.7707271461882098,False,False,False,6,6,24.797937865743663,2.3541800217368665,True,False
42,D_ORACLE_LOOKAHEAD_0P8,15,stop_cross_traffic_reappearance,4.656127010249384,6.222715785530102,-0.7706262232924849,False,False,False,6,6,26.702965281913436,2.516737944009353,True,False
42,D_ORACLE_LOOKAHEAD_0P8,16,stop_cross_traffic_reappearance,4.321880464003711,6.017906836643413,-0.7703484520264833,False,False,False,6,4,27.78561801382662,1.4721871875226495,True,False
42,D_ORACLE_LOOKAHEAD_0P8,17,stop_cross_traffic_reappearance,4.37840550513885,5.63378926133916,-0.49558872863209213,False,False,False,7,6,24.13901019923185,2.66027154719484,True,False
42,D_ORACLE_LOOKAHEAD_0P8,18,stop_cross_traffic_reappearance,4.5164239639690935,6.736588274739367,-0.4995748766224871,False,False,False,6,6,25.3209437427941,2.4092286827127913,True,False
42,D_ORACLE_LOOKAHEAD_0P8,19,stop_cross_traffic_reappearance,4.44142512450637,6.482551610898694,-0.9805841909708766,False,False,False,7,5,28.113368803581814,1.448781561454137,True,False
42,D_ORACLE_LOOKAHEAD_0P8,20,crosswalk_reocclusion,3.213994963562312,5.273334031896381,-0.35357709507194024,False,False,False,5,4,23.0970145176841,2.215462377577117,True,False
42,D_ORACLE_LOOKAHEAD_0P8,21,crosswalk_reocclusion,4.020206001523686,5.440502678082661,0.7848968998732826,False,False,False,13,4,24.672578491652928,2.8784222867753773,True,False
42,D_ORACLE_LOOKAHEAD_0P8,22,crosswalk_reocclusion,3.644264175356618,4.88860519811273,-0.40648349929117855,False,False,False,5,5,26.37470626440996,2.3552946353715565,True,False
42,D_ORACLE_LOOKAHEAD_0P8,23,crosswalk_reocclusion,3.905175633031175,5.019423249059731,-0.5003496617145089,False,False,False,7,6,23.351644524361156,3.6893666040065676,True,False
42,D_ORACLE_LOOKAHEAD_0P8,24,crosswalk_reocclusion,3.4583999598372097,5.798737679301349,0.3773319814017718,False,False,False,8,2,28.002830349632166,2.366403587486433,True,False
42,D_ORACLE_LOOKAHEAD_0P8,25,crosswalk_reocclusion,4.101287725102555,5.4554762301797055,0.9636230729841978,False,False,False,13,4,23.968237068480057,2.864260744165491,True,False
42,D_ORACLE_LOOKAHEAD_0P8,26,crosswalk_reocclusion,4.368754702184649,6.1162617669267,0.21927255953510322,False,False,False,7,6,21.40056234783679,2.708333333333333,True,False
42,D_ORACLE_LOOKAHEAD_0P8,27,crosswalk_reocclusion,3.7916660771841335,4.99095865081426,-0.7581257062519482,False,False,False,5,4,26.644957502540827,2.402132076876504,True,False
42,D_ORACLE_LOOKAHEAD_0P8,28,crosswalk_reocclusion,3.658886360798079,5.736342189086946,0.7062188267052192,False,False,False,16,4,20.685436597624843,2.826086956521739,True,False
42,D_ORACLE_LOOKAHEAD_0P8,29,crosswalk_reocclusion,3.325398440707111,4.887723928200357,-0.8853596470315486,False,False,False,5,4,23.14030655867746,2.33190127213796,True,False
42,D_ORACLE_LOOKAHEAD_0P8,30,stop_reocclusion,4.262074787469949,6.134550625356577,-0.7667105738634883,False,False,False,6,5,24.326759883193084,1.5118367794073286,True,False
42,D_ORACLE_LOOKAHEAD_0P8,31,stop_reocclusion,4.057861032389307,5.887772949838332,-1.1307258657817818,False,False,False,5,4,26.874214696179962,1.5208175004796778,True,False
42,D_ORACLE_LOOKAHEAD_0P8,32,stop_reocclusion,4.520777394139788,5.940496397420245,0.676859362473643,False,False,False,10,6,22.04063935414314,2.6954289759304504,True,False
42,D_ORACLE_LOOKAHEAD_0P8,33,stop_reocclusion,4.5624171552178465,6.0746536424027635,0.21937012759341185,False,False,False,7,6,23.701825774426315,2.7863538321107626,True,False
42,D_ORACLE_LOOKAHEAD_0P8,34,stop_reocclusion,4.483857438105459,6.667882430171419,-0.770563237140585,False,False,False,7,5,26.99747098789107,1.4693479670418634,True,False
42,D_ORACLE_LOOKAHEAD_0P8,35,stop_reocclusion,4.658629273477022,6.686954486157515,-0.7702464984550049,False,False,False,6,5,27.688081299547907,1.455212287069146,True,False
42,D_ORACLE_LOOKAHEAD_0P8,36,stop_reocclusion,4.426911922848492,6.334501916928388,-0.7697865436408848,False,False,False,7,6,27.24390504716174,2.6180654076897367,True,False
42,D_ORACLE_LOOKAHEAD_0P8,37,stop_reocclusion,4.332308204072958,5.397258971157141,-0.7704978535493386,False,False,False,5,4,25.617828550588904,1.5939001395846857,True,False
42,D_ORACLE_LOOKAHEAD_0P8,38,stop_reocclusion,4.305322380734494,6.288617359990214,0.21925571504640867,False,False,False,7,6,21.65926866123401,2.7298684754744675,True,False
42,D_ORACLE_LOOKAHEAD_0P8,39,stop_reocclusion,4.3305762388370805,6.424441945659114,-0.7707107087086901,False,False,False,6,4,26.906162404085592,1.497342451810837,True,False
42,D_ORACLE_LOOKAHEAD_1P2,0,crosswalk_reentry,3.993108754029807,5.512069282165902,-0.7701214290242137,False,False,False,7,5,25.34569997809956,1.7696087850464717,True,False
42,D_ORACLE_LOOKAHEAD_1P2,1,crosswalk_reentry,4.0186932015958075,5.609397092386687,-1.0495955027477117,False,False,False,5,4,29.268193377996674,1.7437195207761684,True,False
42,D_ORACLE_LOOKAHEAD_1P2,2,crosswalk_reentry,4.296649562114899,6.83924087639092,-0.9791092382935405,False,False,False,6,5,21.842608266427902,1.932537874350181,True,False
42,D_ORACLE_LOOKAHEAD_1P2,3,crosswalk_reentry,3.505544227545287,6.160201497264346,-0.7669557574429687,False,False,False,3,2,26.850741595849144,1.3541666666666665,True,False
42,D_ORACLE_LOOKAHEAD_1P2,4,crosswalk_reentry,3.268138393944639,5.115287363249985,-1.2201204876696954,False,False,False,5,3,22.377439584436374,1.7962811122569002,True,False
42,D_ORACLE_LOOKAHEAD_1P2,5,crosswalk_reentry,3.6395997292429247,6.275791595239269,-1.1305811524875304,False,False,False,6,4,25.18699661996159,1.553353315713454,True,False
42,D_ORACLE_LOOKAHEAD_1P2,6,crosswalk_reentry,3.451594565982039,4.706244202007359,-0.9802389046117168,False,False,False,7,5,22.307548510660972,1.7597056049399262,True,False
42,D_ORACLE_LOOKAHEAD_1P2,7,crosswalk_reentry,3.2322824010341002,5.970173807438381,-0.8372324557223343,False,False,False,5,4,23.505077493332475,1.6493827197568636,True,False
42,D_ORACLE_LOOKAHEAD_1P2,8,crosswalk_reentry,2.91605020169,5.110432566559873,-1.1222794369036728,False,False,False,4,3,20.91223137623894,1.807959381000016,True,False
42,D_ORACLE_LOOKAHEAD_1P2,9,crosswalk_reentry,3.989140186985706,5.284308678679719,-0.3265068038580596,False,False,False,6,5,25.726668601637776,1.781623954122717,True,False
42,D_ORACLE_LOOKAHEAD_1P2,10,stop_cross_traffic_reappearance,4.672995534202893,6.080453208604165,-0.770587158334933,False,False,False,7,6,27.86970254059206,1.4494350740893016,True,False
42,D_ORACLE_LOOKAHEAD_1P2,11,stop_cross_traffic_reappearance,4.341703936880154,6.400911182940242,-0.9804119846472903,False,False,False,6,4,28.04933753154768,1.4429346692562102,True,False
42,D_ORACLE_LOOKAHEAD_1P2,12,stop_cross_traffic_reappearance,4.29420446276696,5.997281729363026,-1.1295839168925688,False,False,False,5,3,27.37151016154462,1.495278681423647,True,False
42,D_ORACLE_LOOKAHEAD_1P2,13,stop_cross_traffic_reappearance,4.063712098153012,6.120021796959399,-0.9808058318199586,False,False,False,6,4,25.2530513978451,1.4839215971943405,True,False
42,D_ORACLE_LOOKAHEAD_1P2,14,stop_cross_traffic_reappearance,4.254914293165832,6.8284050558836,-0.7707271461882098,False,False,False,7,6,24.797934025615078,1.3996339297065368,True,False
42,D_ORACLE_LOOKAHEAD_1P2,15,stop_cross_traffic_reappearance,4.656127010249384,6.222715785530102,-0.7706262232924849,False,False,False,7,6,26.702965433070815,1.459659513162107,True,False
42,D_ORACLE_LOOKAHEAD_1P2,16,stop_cross_traffic_reappearance,4.321880464003711,6.017906836643413,-0.7703484520264833,False,False,False,6,4,27.78561801382662,1.4721871875226495,True,False
42,D_ORACLE_LOOKAHEAD_1P2,17,stop_cross_traffic_reappearance,4.37840550513885,5.63378926133916,-0.49558872863209213,False,False,False,8,6,24.139009150746414,1.534009233549021,True,False
42,D_ORACLE_LOOKAHEAD_1P2,18,stop_cross_traffic_reappearance,4.5164239639690935,6.736588274739367,-0.4995748766224871,False,False,False,7,6,25.320948923073516,1.3935086164209571,True,False
42,D_ORACLE_LOOKAHEAD_1P2,19,stop_cross_traffic_reappearance,4.44142512450637,6.482551610898694,-0.9805841909708766,False,False,False,7,5,28.113368803581814,1.448781561454137,True,False
42,D_ORACLE_LOOKAHEAD_1P2,20,crosswalk_reocclusion,3.213994963562312,5.273334031896381,-0.35357709507194024,False,False,False,5,4,23.0970145176841,2.215462377577117,True,False
42,D_ORACLE_LOOKAHEAD_1P2,21,crosswalk_reocclusion,4.020206001523686,5.440502678082661,0.7848968998732826,False,False,False,8,7,24.0622155875784,3.53198436277884,True,False
42,D_ORACLE_LOOKAHEAD_1P2,22,crosswalk_reocclusion,3.644264175356618,4.88860519811273,-0.40648349929117855,False,False,False,5,5,26.37470626440996,2.3552946353715565,True,False
42,D_ORACLE_LOOKAHEAD_1P2,23,crosswalk_reocclusion,3.905175633031175,5.019423249059731,-0.5003496617145089,False,False,False,8,6,23.351644524361156,2.328901487727498,True,False
42,D_ORACLE_LOOKAHEAD_1P2,24,crosswalk_reocclusion,3.4583999598372097,5.798737679301349,0.3773319814017718,False,False,False,5,3,27.904862283734545,2.226909821448119,True,False
42,D_ORACLE_LOOKAHEAD_1P2,25,crosswalk_reocclusion,4.101287725102555,5.4554762301797055,0.9636230729841978,False,False,False,8,7,23.59016403793445,3.625548772458677,True,False
42,D_ORACLE_LOOKAHEAD_1P2,26,crosswalk_reocclusion,4.368754702184649,6.1162617669267,0.21927255953510322,False,False,False,9,8,21.392855745422338,3.0313227574030557,True,False
42,D_ORACLE_LOOKAHEAD_1P2,27,crosswalk_reocclusion,3.7916660771841335,4.99095865081426,-0.7581257062519482,False,False,False,5,4,26.644957502540827,2.402132076876504,True,False
42,D_ORACLE_LOOKAHEAD_1P2,28,crosswalk_reocclusion,3.658886360798079,5.736342189086946,0.7062188267052192,False,False,False,8,6,20.24708067505842,3.195697998655015,True,False
42,D_ORACLE_LOOKAHEAD_1P2,29,crosswalk_reocclusion,3.325398440707111,4.887723928200357,-0.8853596470315486,False,False,False,5,4,23.14030655867746,2.33190127213796,True,False
42,D_ORACLE_LOOKAHEAD_1P2,30,stop_reocclusion,4.262074787469949,6.134550625356577,-0.7667105738634883,False,False,False,6,5,24.326759883193084,1.5118367794073286,True,False
42,D_ORACLE_LOOKAHEAD_1P2,31,stop_reocclusion,4.057861032389307,5.887772949838332,-1.1307258657817818,False,False,False,5,4,26.874214696179962,1.5208175004796778,True,False
42,D_ORACLE_LOOKAHEAD_1P2,32,stop_reocclusion,4.520777394139788,5.940496397420245,0.676859362473643,False,False,False,8,8,22.025400484853577,2.792449563318956,True,False
42,D_ORACLE_LOOKAHEAD_1P2,33,stop_reocclusion,4.5624171552178465,6.0746536424027635,0.21937012759341185,False,False,False,9,7,23.701868820602748,1.5967209219104717,True,False
42,D_ORACLE_LOOKAHEAD_1P2,34,stop_reocclusion,4.483857438105459,6.667882430171419,-0.770563237140585,False,False,False,7,5,26.99747098789107,1.4693479670418634,True,False
42,D_ORACLE_LOOKAHEAD_1P2,35,stop_reocclusion,4.658629273477022,6.686954486157515,-0.7702464984550049,False,False,False,6,5,27.688081299547907,1.455212287069146,True,False
42,D_ORACLE_LOOKAHEAD_1P2,36,stop_reocclusion,4.426911922848492,6.334501916928388,-0.7697865436408848,False,False,False,8,6,27.243903193715575,1.4288742290873104,True,False
42,D_ORACLE_LOOKAHEAD_1P2,37,stop_reocclusion,4.332308204072958,5.397258971157141,-0.7704978535493386,False,False,False,5,4,25.617828550588904,1.5939001395846857,True,False
42,D_ORACLE_LOOKAHEAD_1P2,38,stop_reocclusion,4.305322380734494,6.288617359990214,0.21925571504640867,False,False,False,9,7,21.65901623458984,1.527876188154934,True,False
42,D_ORACLE_LOOKAHEAD_1P2,39,stop_reocclusion,4.3305762388370805,6.424441945659114,-0.7707107087086901,False,False,False,6,4,26.906162404085592,1.497342451810837,True,False
42,C_STALE_CONTRACT_0P4,0,crosswalk_reentry,3.993108754029807,5.512069282165902,-0.7701214290242137,True,True,False,0,4,25.511413950371086,2.8444739977518716,True,True
42,C_STALE_CONTRACT_0P4,1,crosswalk_reentry,4.0186932015958075,5.609397092386687,-1.0495955027477117,False,False,False,0,4,29.23777746502612,2.7173984115538388,True,False
42,C_STALE_CONTRACT_0P4,2,crosswalk_reentry,4.296649562114899,6.83924087639092,-0.9791092382935405,True,True,False,0,4,22.066831575665766,2.4083068680304747,True,True
42,C_STALE_CONTRACT_0P4,3,crosswalk_reentry,3.505544227545287,6.160201497264346,-0.7669557574429687,False,False,False,0,2,26.715176039825028,2.6413812628015876,True,False
42,C_STALE_CONTRACT_0P4,4,crosswalk_reentry,3.268138393944639,5.115287363249985,-1.2201204876696954,False,False,False,0,4,22.14646004306863,2.6214121334081475,True,False
42,C_STALE_CONTRACT_0P4,5,crosswalk_reentry,3.6395997292429247,6.275791595239269,-1.1305811524875304,False,False,False,0,4,25.165940055732197,2.487809851157422,True,False
42,C_STALE_CONTRACT_0P4,6,crosswalk_reentry,3.451594565982039,4.706244202007359,-0.9802389046117168,True,True,False,0,4,22.423129779842334,3.0928754225009825,True,True
42,C_STALE_CONTRACT_0P4,7,crosswalk_reentry,3.2322824010341002,5.970173807438381,-0.8372324557223343,False,False,False,0,3,23.510112031717995,2.5712275061201537,True,False
42,C_STALE_CONTRACT_0P4,8,crosswalk_reentry,2.91605020169,5.110432566559873,-1.1222794369036728,False,False,False,0,4,20.686495547504236,2.5822635895984116,True,False
42,C_STALE_CONTRACT_0P4,9,crosswalk_reentry,3.989140186985706,5.284308678679719,-0.3265068038580596,True,True,False,0,3,25.893330655129656,2.9393848302689465,True,True
42,C_STALE_CONTRACT_0P4,10,stop_cross_traffic_reappearance,4.672995534202893,6.080453208604165,-0.770587158334933,True,True,False,0,4,27.71638312084184,2.5877904146909714,True,True
42,C_STALE_CONTRACT_0P4,11,stop_cross_traffic_reappearance,4.341703936880154,6.400911182940242,-0.9804119846472903,False,False,False,0,4,28.39636046887977,2.406933307647705,True,False
42,C_STALE_CONTRACT_0P4,12,stop_cross_traffic_reappearance,4.29420446276696,5.997281729363026,-1.1295839168925688,False,False,False,0,4,27.42015480930946,2.14031632989645,True,False
42,C_STALE_CONTRACT_0P4,13,stop_cross_traffic_reappearance,4.063712098153012,6.120021796959399,-0.9808058318199586,False,False,False,0,4,25.622179661173973,2.4164465982086805,True,False
42,C_STALE_CONTRACT_0P4,14,stop_cross_traffic_reappearance,4.254914293165832,6.8284050558836,-0.7707271461882098,True,True,False,0,4,25.56210770261434,2.355102165690008,True,True
42,C_STALE_CONTRACT_0P4,15,stop_cross_traffic_reappearance,4.656127010249384,6.222715785530102,-0.7706262232924849,True,True,False,0,4,26.528739728318616,2.6007945379432367,True,True
42,C_STALE_CONTRACT_0P4,16,stop_cross_traffic_reappearance,4.321880464003711,6.017906836643413,-0.7703484520264833,False,False,False,0,4,28.163354919278213,2.4530086103750732,True,False
42,C_STALE_CONTRACT_0P4,17,stop_cross_traffic_reappearance,4.37840550513885,5.63378926133916,-0.49558872863209213,True,True,False,0,4,24.438312086447464,2.8068002669707584,True,True
42,C_STALE_CONTRACT_0P4,18,stop_cross_traffic_reappearance,4.5164239639690935,6.736588274739367,-0.4995748766224871,True,True,False,0,4,25.591009451595095,2.5732337376650642,True,True
42,C_STALE_CONTRACT_0P4,19,stop_cross_traffic_reappearance,4.44142512450637,6.482551610898694,-0.9805841909708766,True,True,False,0,4,27.909881202000346,2.671939295530319,True,True
42,C_STALE_CONTRACT_0P4,20,crosswalk_reocclusion,3.213994963562312,5.273334031896381,-0.35357709507194024,True,False,False,0,3,23.597382555122223,2.76668992307451,True,True
42,C_STALE_CONTRACT_0P4,21,crosswalk_reocclusion,4.020206001523686,5.440502678082661,0.7848968998732826,False,False,False,0,4,24.181878425290584,2.6938974180004815,True,False
42,C_STALE_CONTRACT_0P4,22,crosswalk_reocclusion,3.644264175356618,4.88860519811273,-0.40648349929117855,True,False,False,0,4,26.94186857779186,2.7439359176990594,True,True
42,C_STALE_CONTRACT_0P4,23,crosswalk_reocclusion,3.905175633031175,5.019423249059731,-0.5003496617145089,True,False,False,0,5,23.16195364761823,2.946607553681662,True,True
42,C_STALE_CONTRACT_0P4,24,crosswalk_reocclusion,3.4583999598372097,5.798737679301349,0.3773319814017718,False,False,False,0,3,28.331272831927485,2.6078880510546942,True,False
42,C_STALE_CONTRACT_0P4,25,crosswalk_reocclusion,4.101287725102555,5.4554762301797055,0.9636230729841978,False,False,False,0,4,23.595779158359612,2.760478474877097,True,False
42,C_STALE_CONTRACT_0P4,26,crosswalk_reocclusion,4.368754702184649,6.1162617669267,0.21927255953510322,False,False,False,0,5,21.24909764179747,2.830339777976908,True,False
42,C_STALE_CONTRACT_0P4,27,crosswalk_reocclusion,3.7916660771841335,4.99095865081426,-0.7581257062519482,False,False,False,0,4,26.712093955942706,2.7509303287018176,True,False
42,C_STALE_CONTRACT_0P4,28,crosswalk_reocclusion,3.658886360798079,5.736342189086946,0.7062188267052192,False,False,False,0,4,20.23909252545492,2.6265936957465277,True,False
42,C_STALE_CONTRACT_0P4,29,crosswalk_reocclusion,3.325398440707111,4.887723928200357,-0.8853596470315486,False,False,False,0,5,23.169221643114554,2.70937301391779,True,False
42,C_STALE_CONTRACT_0P4,30,stop_reocclusion,4.262074787469949,6.134550625356577,-0.7667105738634883,True,False,False,0,4,24.73926342627012,2.3937945828145866,True,True
42,C_STALE_CONTRACT_0P4,31,stop_reocclusion,4.057861032389307,5.887772949838332,-1.1307258657817818,False,False,False,0,4,27.423168467728715,2.5013506169221835,True,False
42,C_STALE_CONTRACT_0P4,32,stop_reocclusion,4.520777394139788,5.940496397420245,0.676859362473643,False,False,False,0,4,22.40239325641904,2.6035872879235638,True,False
42,C_STALE_CONTRACT_0P4,33,stop_reocclusion,4.5624171552178465,6.0746536424027635,0.21937012759341185,False,False,False,0,4,24.28775234750881,2.580229540665944,True,False
42,C_STALE_CONTRACT_0P4,34,stop_reocclusion,4.483857438105459,6.667882430171419,-0.770563237140585,True,False,False,0,4,27.26196675585174,2.274609918777759,True,True
42,C_STALE_CONTRACT_0P4,35,stop_reocclusion,4.658629273477022,6.686954486157515,-0.7702464984550049,True,False,False,0,4,28.025157204316955,2.2658406427273383,True,True
42,C_STALE_CONTRACT_0P4,36,stop_reocclusion,4.426911922848492,6.334501916928388,-0.7697865436408848,True,False,False,0,4,27.655980802178604,2.3909591794013973,True,True
42,C_STALE_CONTRACT_0P4,37,stop_reocclusion,4.332308204072958,5.397258971157141,-0.7704978535493386,False,False,False,0,4,25.82685554063677,2.6208965778350826,True,False
42,C_STALE_CONTRACT_0P4,38,stop_reocclusion,4.305322380734494,6.288617359990214,0.21925571504640867,False,False,False,0,4,22.123935780133916,2.372937543051583,True,False
42,C_STALE_CONTRACT_0P4,39,stop_reocclusion,4.3305762388370805,6.424441945659114,-0.7707107087086901,False,False,False,0,4,27.721823853120895,2.2584341581051164,True,False
42,D_STALE_CONTRACT_0P4,0,crosswalk_reentry,3.993108754029807,5.512069282165902,-0.7701214290242137,False,False,False,10,6,25.40882151705652,2.7623828991930535,True,False
42,D_STALE_CONTRACT_0P4,1,crosswalk_reentry,4.0186932015958075,5.609397092386687,-1.0495955027477117,False,False,False,7,6,29.29053249248384,2.7495839446783066,True,False
42,D_STALE_CONTRACT_0P4,2,crosswalk_reentry,4.296649562114899,6.83924087639092,-0.9791092382935405,False,False,False,10,6,21.852054963379892,2.2408530248536,True,False
42,D_STALE_CONTRACT_0P4,3,crosswalk_reentry,3.505544227545287,6.160201497264346,-0.7669557574429687,False,False,False,6,4,26.85568486999447,2.5957078810532885,True,False
42,D_STALE_CONTRACT_0P4,4,crosswalk_reentry,3.268138393944639,5.115287363249985,-1.2201204876696954,False,False,False,5,5,22.38472436551487,2.8888888888888884,True,False
42,D_STALE_CONTRACT_0P4,5,crosswalk_reentry,3.6395997292429247,6.275791595239269,-1.1305811524875304,False,False,False,7,6,25.194114525488946,2.535775904172386,True,False
42,D_STALE_CONTRACT_0P4,6,crosswalk_reentry,3.451594565982039,4.706244202007359,-0.9802389046117168,False,False,False,9,6,22.490262677282338,2.8992250440425646,True,False
42,D_STALE_CONTRACT_0P4,7,crosswalk_reentry,3.2322824010341002,5.970173807438381,-0.8372324557223343,False,False,False,9,6,23.515076229634538,2.6530612244897958,True,False
42,D_STALE_CONTRACT_0P4,8,crosswalk_reentry,2.91605020169,5.110432566559873,-1.1222794369036728,False,False,False,5,5,20.919957624950285,2.8888888888888884,True,False
42,D_STALE_CONTRACT_0P4,9,crosswalk_reentry,3.989140186985706,5.284308678679719,-0.3265068038580596,False,False,False,10,6,25.823963456199266,2.826086956521739,True,False
42,D_STALE_CONTRACT_0P4,10,stop_cross_traffic_reappearance,4.672995534202893,6.080453208604165,-0.770587158334933,True,True,False,9,4,28.2620129707413,2.6674207355700377,True,True
42,D_STALE_CONTRACT_0P4,11,stop_cross_traffic_reappearance,4.341703936880154,6.400911182940242,-0.9804119846472903,False,False,False,14,4,28.040397378982043,2.512795400543091,True,False
42,D_STALE_CONTRACT_0P4,12,stop_cross_traffic_reappearance,4.29420446276696,5.997281729363026,-1.1295839168925688,False,False,False,11,4,27.36660747706715,2.6450679683360923,True,False
42,D_STALE_CONTRACT_0P4,13,stop_cross_traffic_reappearance,4.063712098153012,6.120021796959399,-0.9808058318199586,False,False,False,13,4,25.354172523702132,2.5959202766418454,True,False
42,D_STALE_CONTRACT_0P4,14,stop_cross_traffic_reappearance,4.254914293165832,6.8284050558836,-0.7707271461882098,True,True,False,15,4,25.57535636805457,2.403783455307101,True,True
42,D_STALE_CONTRACT_0P4,15,stop_cross_traffic_reappearance,4.656127010249384,6.222715785530102,-0.7706262232924849,True,True,False,10,4,26.988415580838677,2.589152478377024,True,True
42,D_STALE_CONTRACT_0P4,16,stop_cross_traffic_reappearance,4.321880464003711,6.017906836643413,-0.7703484520264833,False,False,False,12,4,27.992310040322558,2.6071802735328675,True,False
42,D_STALE_CONTRACT_0P4,17,stop_cross_traffic_reappearance,4.37840550513885,5.63378926133916,-0.49558872863209213,True,True,False,10,4,24.530101448002405,2.759964394231214,True,True
42,D_STALE_CONTRACT_0P4,18,stop_cross_traffic_reappearance,4.5164239639690935,6.736588274739367,-0.4995748766224871,True,True,False,13,4,25.286631624283697,2.481434799157656,True,True
42,D_STALE_CONTRACT_0P4,19,stop_cross_traffic_reappearance,4.44142512450637,6.482551610898694,-0.9805841909708766,True,True,False,13,4,28.67917792441569,2.51993216918065,True,True
42,D_STALE_CONTRACT_0P4,20,crosswalk_reocclusion,3.213994963562312,5.273334031896381,-0.35357709507194024,False,False,False,9,5,23.35930370197626,2.8037230657494585,True,False
42,D_STALE_CONTRACT_0P4,21,crosswalk_reocclusion,4.020206001523686,5.440502678082661,0.7848968998732826,True,False,False,8,6,24.697343683787125,2.8158478892367813,True,True
42,D_STALE_CONTRACT_0P4,22,crosswalk_reocclusion,3.644264175356618,4.88860519811273,-0.40648349929117855,False,False,False,8,6,26.770849095576544,2.9764832285317504,True,False
42,D_STALE_CONTRACT_0P4,23,crosswalk_reocclusion,3.905175633031175,5.019423249059731,-0.5003496617145089,False,False,False,8,6,24.09904727199223,2.873763548003302,True,False
42,D_STALE_CONTRACT_0P4,24,crosswalk_reocclusion,3.4583999598372097,5.798737679301349,0.3773319814017718,True,False,False,8,3,28.387656186174105,2.558582152260674,True,True
42,D_STALE_CONTRACT_0P4,25,crosswalk_reocclusion,4.101287725102555,5.4554762301797055,0.9636230729841978,True,False,False,8,6,24.199498437640283,2.801994206248849,True,True
42,D_STALE_CONTRACT_0P4,26,crosswalk_reocclusion,4.368754702184649,6.1162617669267,0.21927255953510322,True,False,False,10,6,21.815677087970073,2.6530612244897958,True,True
42,D_STALE_CONTRACT_0P4,27,crosswalk_reocclusion,3.7916660771841335,4.99095865081426,-0.7581257062519482,False,False,False,6,6,26.84174964826989,2.9813935404474083,True,False
42,D_STALE_CONTRACT_0P4,28,crosswalk_reocclusion,3.658886360798079,5.736342189086946,0.7062188267052192,True,False,False,12,6,20.640838730657098,2.7659574468085104,True,True
42,D_STALE_CONTRACT_0P4,29,crosswalk_reocclusion,3.325398440707111,4.887723928200357,-0.8853596470315486,False,False,False,6,6,23.312260201761035,2.9044382409615945,True,False
42,D_STALE_CONTRACT_0P4,30,stop_reocclusion,4.262074787469949,6.134550625356577,-0.7667105738634883,True,False,False,11,4,25.071188404905705,2.599511179924011,True,True
42,D_STALE_CONTRACT_0P4,31,stop_reocclusion,4.057861032389307,5.887772949838332,-1.1307258657817818,False,False,False,11,4,27.150584277462098,2.6603927782603667,True,False
42,D_STALE_CONTRACT_0P4,32,stop_reocclusion,4.520777394139788,5.940496397420245,0.676859362473643,False,False,False,9,5,21.97989951973517,2.7617486594379814,True,False
42,D_STALE_CONTRACT_0P4,33,stop_reocclusion,4.5624171552178465,6.0746536424027635,0.21937012759341185,True,False,False,11,4,23.73808918994174,2.7118077253301935,True,True
42,D_STALE_CONTRACT_0P4,34,stop_reocclusion,4.483857438105459,6.667882430171419,-0.770563237140585,True,False,False,14,4,27.535107690289532,2.4634301325060286,True,True
42,D_STALE_CONTRACT_0P4,35,stop_reocclusion,4.658629273477022,6.686954486157515,-0.7702464984550049,True,False,False,12,4,28.40515116999999,2.4548567383544246,True,True
42,D_STALE_CONTRACT_0P4,36,stop_reocclusion,4.426911922848492,6.334501916928388,-0.7697865436408848,True,False,False,12,4,27.50673001089033,2.6137397646903993,True,True
42,D_STALE_CONTRACT_0P4,37,stop_reocclusion,4.332308204072958,5.397258971157141,-0.7704978535493386,False,False,False,7,4,26.32061717727961,2.829217936681664,True,False
42,D_STALE_CONTRACT_0P4,38,stop_reocclusion,4.305322380734494,6.288617359990214,0.21925571504640867,True,False,False,13,4,21.494879994902238,2.6525487007737967,True,True
42,D_STALE_CONTRACT_0P4,39,stop_reocclusion,4.3305762388370805,6.424441945659114,-0.7707107087086901,False,False,False,14,4,26.974520197833968,2.5094275749646697,True,False
42,D_SHARED_SENSOR_LAG_0P4,0,crosswalk_reentry,3.993108754029807,5.512069282165902,-0.7701214290242137,False,False,False,10,6,25.406829056567247,2.7623828991930535,True,False
42,D_SHARED_SENSOR_LAG_0P4,1,crosswalk_reentry,4.0186932015958075,5.609397092386687,-1.0495955027477117,False,False,False,7,6,29.290897278373627,2.7495839446783066,True,False
42,D_SHARED_SENSOR_LAG_0P4,2,crosswalk_reentry,4.296649562114899,6.83924087639092,-0.9791092382935405,False,False,False,10,6,21.852106487442843,2.2408530248536005,True,False
42,D_SHARED_SENSOR_LAG_0P4,3,crosswalk_reentry,3.505544227545287,6.160201497264346,-0.7669557574429687,False,False,False,6,4,26.85581786928549,2.5958469390869143,True,False
42,D_SHARED_SENSOR_LAG_0P4,4,crosswalk_reentry,3.268138393944639,5.115287363249985,-1.2201204876696954,False,False,False,5,5,22.384729034644717,2.8888888888888884,True,False
42,D_SHARED_SENSOR_LAG_0P4,5,crosswalk_reentry,3.6395997292429247,6.275791595239269,-1.1305811524875304,False,False,False,7,6,25.1941588744739,2.535775904172386,True,False
42,D_SHARED_SENSOR_LAG_0P4,6,crosswalk_reentry,3.451594565982039,4.706244202007359,-0.9802389046117168,False,False,False,9,6,22.48935192665482,2.8992250440425646,True,False
42,D_SHARED_SENSOR_LAG_0P4,7,crosswalk_reentry,3.2322824010341002,5.970173807438381,-0.8372324557223343,False,False,False,9,6,23.515448621305477,2.6530612244897958,True,False
42,D_SHARED_SENSOR_LAG_0P4,8,crosswalk_reentry,2.91605020169,5.110432566559873,-1.1222794369036728,False,False,False,5,5,20.920160930770912,2.8888888888888884,True,False
42,D_SHARED_SENSOR_LAG_0P4,9,crosswalk_reentry,3.989140186985706,5.284308678679719,-0.3265068038580596,False,False,False,10,6,25.823086379215816,2.826086956521739,True,False
42,D_SHARED_SENSOR_LAG_0P4,10,stop_cross_traffic_reappearance,4.672995534202893,6.080453208604165,-0.770587158334933,True,True,False,9,4,28.28684704131321,2.650075438882218,True,True
42,D_SHARED_SENSOR_LAG_0P4,11,stop_cross_traffic_reappearance,4.341703936880154,6.400911182940242,-0.9804119846472903,False,False,False,14,4,28.060963421385424,2.5087310717656064,True,False
42,D_SHARED_SENSOR_LAG_0P4,12,stop_cross_traffic_reappearance,4.29420446276696,5.997281729363026,-1.1295839168925688,False,False,False,11,4,27.36610507917726,2.6485873971666605,True,False
42,D_SHARED_SENSOR_LAG_0P4,13,stop_cross_traffic_reappearance,4.063712098153012,6.120021796959399,-0.9808058318199586,False,False,False,13,4,25.37474368646239,2.5959688544273374,True,False
42,D_SHARED_SENSOR_LAG_0P4,14,stop_cross_traffic_reappearance,4.254914293165832,6.8284050558836,-0.7707271461882098,True,True,False,15,4,25.603197240560874,2.4037938912709556,True,True
42,D_SHARED_SENSOR_LAG_0P4,15,stop_cross_traffic_reappearance,4.656127010249384,6.222715785530102,-0.7706262232924849,True,True,False,10,4,27.015967621395745,2.5930663108825684,True,True
42,D_SHARED_SENSOR_LAG_0P4,16,stop_cross_traffic_reappearance,4.321880464003711,6.017906836643413,-0.7703484520264833,False,False,False,12,4,28.013759282636258,2.603932224114736,True,False
42,D_SHARED_SENSOR_LAG_0P4,17,stop_cross_traffic_reappearance,4.37840550513885,5.63378926133916,-0.49558872863209213,True,True,False,9,4,24.557099501473655,2.7631260105904114,True,True
42,D_SHARED_SENSOR_LAG_0P4,18,stop_cross_traffic_reappearance,4.5164239639690935,6.736588274739367,-0.4995748766224871,True,True,False,13,4,25.314600551011466,2.4852524984341398,True,True
42,D_SHARED_SENSOR_LAG_0P4,19,stop_cross_traffic_reappearance,4.44142512450637,6.482551610898694,-0.9805841909708766,True,True,False,13,4,28.700189945679128,2.508940298205767,True,True
42,D_SHARED_SENSOR_LAG_0P4,20,crosswalk_reocclusion,3.213994963562312,5.273334031896381,-0.35357709507194024,False,False,False,9,5,23.307119587996922,2.8038703773332676,True,False
42,D_SHARED_SENSOR_LAG_0P4,21,crosswalk_reocclusion,4.020206001523686,5.440502678082661,0.7848968998732826,True,False,False,8,6,24.69624604839875,2.8158478892367813,True,True
42,D_SHARED_SENSOR_LAG_0P4,22,crosswalk_reocclusion,3.644264175356618,4.88860519811273,-0.40648349929117855,False,False,False,8,6,26.770810896628635,2.9764832285317504,True,False
42,D_SHARED_SENSOR_LAG_0P4,23,crosswalk_reocclusion,3.905175633031175,5.019423249059731,-0.5003496617145089,False,False,False,8,6,24.098145665909314,2.873763548003302,True,False
42,D_SHARED_SENSOR_LAG_0P4,24,crosswalk_reocclusion,3.4583999598372097,5.798737679301349,0.3773319814017718,True,False,False,8,3,28.389455704361943,2.551830084235579,True,True
42,D_SHARED_SENSOR_LAG_0P4,25,crosswalk_reocclusion,4.101287725102555,5.4554762301797055,0.9636230729841978,True,False,False,8,6,24.19874181866369,2.801994206248849,True,True
42,D_SHARED_SENSOR_LAG_0P4,26,crosswalk_reocclusion,4.368754702184649,6.1162617669267,0.21927255953510322,True,False,False,10,6,21.81550558275729,2.6530612244897958,True,True
42,D_SHARED_SENSOR_LAG_0P4,27,crosswalk_reocclusion,3.7916660771841335,4.99095865081426,-0.7581257062519482,False,False,False,6,6,26.790303615169602,2.9813935404474083,True,False
42,D_SHARED_SENSOR_LAG_0P4,28,crosswalk_reocclusion,3.658886360798079,5.736342189086946,0.7062188267052192,True,False,False,12,6,20.641011006677147,2.7659574468085104,True,True
42,D_SHARED_SENSOR_LAG_0P4,29,crosswalk_reocclusion,3.325398440707111,4.887723928200357,-0.8853596470315486,False,False,False,6,6,23.258441843995357,2.9044382409615945,True,False
42,D_SHARED_SENSOR_LAG_0P4,30,stop_reocclusion,4.262074787469949,6.134550625356577,-0.7667105738634883,True,False,False,11,4,25.08461185859433,2.5935916316509244,True,True
42,D_SHARED_SENSOR_LAG_0P4,31,stop_reocclusion,4.057861032389307,5.887772949838332,-1.1307258657817818,False,False,False,11,4,27.14081670458231,2.6544878677446015,True,False
42,D_SHARED_SENSOR_LAG_0P4,32,stop_reocclusion,4.520777394139788,5.940496397420245,0.676859362473643,False,False,False,9,5,21.943074918740585,2.755562371101932,True,False
42,D_SHARED_SENSOR_LAG_0P4,33,stop_reocclusion,4.5624171552178465,6.0746536424027635,0.21937012759341185,True,False,False,11,4,23.728090004439206,2.7021770026120873,True,True
42,D_SHARED_SENSOR_LAG_0P4,34,stop_reocclusion,4.483857438105459,6.667882430171419,-0.770563237140585,True,False,False,14,4,27.52600789405397,2.457524538040161,True,True
42,D_SHARED_SENSOR_LAG_0P4,35,stop_reocclusion,4.658629273477022,6.686954486157515,-0.7702464984550049,True,False,False,12,4,28.386690080726694,2.4521495373743885,True,True
42,D_SHARED_SENSOR_LAG_0P4,36,stop_reocclusion,4.426911922848492,6.334501916928388,-0.7697865436408848,True,False,False,12,4,27.496326071086884,2.605314135551452,True,True
42,D_SHARED_SENSOR_LAG_0P4,37,stop_reocclusion,4.332308204072958,5.397258971157141,-0.7704978535493386,False,False,False,7,4,26.29441058144154,2.818976324105608,True,False
42,D_SHARED_SENSOR_LAG_0P4,38,stop_reocclusion,4.305322380734494,6.288617359990214,0.21925571504640867,True,False,False,13,4,22.45907690778695,2.5944095758597054,True,True
42,D_SHARED_SENSOR_LAG_0P4,39,stop_reocclusion,4.3305762388370805,6.424441945659114,-0.7707107087086901,False,False,False,14,4,26.966926547294253,2.5037158567171827,True,False
