task,split,subtype,arm,seed,rows,accuracy,violation_rate,compliant_completion,goal_completion,conservative_rate,deadlock_rate,coverage,pair_accuracy
static,test,all,P0,42,144,0.5,0.22916666666666666,0.7708333333333334,1.0,0.2708333333333333,0.0,1.0,0.0
static,test,all,P0,17,144,0.5,0.25,0.75,1.0,0.25,0.0,1.0,0.0
static,test,all,P0,123,144,0.5,0.25,0.75,1.0,0.25,0.0,1.0,0.0
static,test,all,P1,42,144,1.0,0.0,1.0,1.0,0.0,0.0,1.0,1.0
static,test,all,P1,17,144,1.0,0.0,1.0,1.0,0.0,0.0,1.0,1.0
static,test,all,P1,123,144,1.0,0.0,1.0,1.0,0.0,0.0,1.0,1.0
static,test,all,P2,42,144,1.0,0.0,1.0,1.0,0.0,0.0,1.0,1.0
static,test,all,P2,17,144,1.0,0.0,1.0,1.0,0.0,0.0,1.0,1.0
static,test,all,P2,123,144,1.0,0.0,1.0,1.0,0.0,0.0,1.0,1.0
static,test,all,SHUFFLED_GUARD,42,144,0.5208333333333334,0.2152777777777778,0.7847222222222222,1.0,0.2638888888888889,0.0,1.0,0.1111111111111111
static,test,all,SHUFFLED_GUARD,17,144,0.5,0.25,0.75,1.0,0.25,0.0,1.0,0.0
static,test,all,SHUFFLED_GUARD,123,144,0.5,0.25,0.75,1.0,0.25,0.0,1.0,0.0
static,test,max_speed,P0,42,48,0.5,0.22916666666666666,0.7708333333333334,1.0,0.2708333333333333,0.0,1.0,0.0
static,test,max_speed,P0,17,48,0.5,0.25,0.75,1.0,0.25,0.0,1.0,0.0
static,test,max_speed,P0,123,48,0.5,0.25,0.75,1.0,0.25,0.0,1.0,0.0
static,test,max_speed,P1,42,48,1.0,0.0,1.0,1.0,0.0,0.0,1.0,1.0
static,test,max_speed,P1,17,48,1.0,0.0,1.0,1.0,0.0,0.0,1.0,1.0
static,test,max_speed,P1,123,48,1.0,0.0,1.0,1.0,0.0,0.0,1.0,1.0
static,test,max_speed,P2,42,48,1.0,0.0,1.0,1.0,0.0,0.0,1.0,1.0
static,test,max_speed,P2,17,48,1.0,0.0,1.0,1.0,0.0,0.0,1.0,1.0
static,test,max_speed,P2,123,48,1.0,0.0,1.0,1.0,0.0,0.0,1.0,1.0
static,test,max_speed,SHUFFLED_GUARD,42,48,0.6041666666666666,0.1875,0.8125,1.0,0.20833333333333334,0.0,1.0,0.20833333333333334
static,test,max_speed,SHUFFLED_GUARD,17,48,0.5,0.25,0.75,1.0,0.25,0.0,1.0,0.0
static,test,max_speed,SHUFFLED_GUARD,123,48,0.5,0.25,0.75,1.0,0.25,0.0,1.0,0.0
static,test,min_clearance,P0,42,48,0.5,0.22916666666666666,0.7708333333333334,1.0,0.2708333333333333,0.0,1.0,0.0
static,test,min_clearance,P0,17,48,0.5,0.25,0.75,1.0,0.25,0.0,1.0,0.0
static,test,min_clearance,P0,123,48,0.5,0.25,0.75,1.0,0.25,0.0,1.0,0.0
static,test,min_clearance,P1,42,48,1.0,0.0,1.0,1.0,0.0,0.0,1.0,1.0
static,test,min_clearance,P1,17,48,1.0,0.0,1.0,1.0,0.0,0.0,1.0,1.0
static,test,min_clearance,P1,123,48,1.0,0.0,1.0,1.0,0.0,0.0,1.0,1.0
static,test,min_clearance,P2,42,48,1.0,0.0,1.0,1.0,0.0,0.0,1.0,1.0
static,test,min_clearance,P2,17,48,1.0,0.0,1.0,1.0,0.0,0.0,1.0,1.0
static,test,min_clearance,P2,123,48,1.0,0.0,1.0,1.0,0.0,0.0,1.0,1.0
static,test,min_clearance,SHUFFLED_GUARD,42,48,0.4791666666666667,0.1875,0.8125,1.0,0.3333333333333333,0.0,1.0,0.08333333333333333
static,test,min_clearance,SHUFFLED_GUARD,17,48,0.5,0.25,0.75,1.0,0.25,0.0,1.0,0.0
static,test,min_clearance,SHUFFLED_GUARD,123,48,0.5,0.25,0.75,1.0,0.25,0.0,1.0,0.0
static,test,min_entry_delay,P0,42,48,0.5,0.22916666666666666,0.7708333333333334,1.0,0.2708333333333333,0.0,1.0,0.0
static,test,min_entry_delay,P0,17,48,0.5,0.25,0.75,1.0,0.25,0.0,1.0,0.0
static,test,min_entry_delay,P0,123,48,0.5,0.25,0.75,1.0,0.25,0.0,1.0,0.0
static,test,min_entry_delay,P1,42,48,1.0,0.0,1.0,1.0,0.0,0.0,1.0,1.0
static,test,min_entry_delay,P1,17,48,1.0,0.0,1.0,1.0,0.0,0.0,1.0,1.0
static,test,min_entry_delay,P1,123,48,1.0,0.0,1.0,1.0,0.0,0.0,1.0,1.0
static,test,min_entry_delay,P2,42,48,1.0,0.0,1.0,1.0,0.0,0.0,1.0,1.0
static,test,min_entry_delay,P2,17,48,1.0,0.0,1.0,1.0,0.0,0.0,1.0,1.0
static,test,min_entry_delay,P2,123,48,1.0,0.0,1.0,1.0,0.0,0.0,1.0,1.0
static,test,min_entry_delay,SHUFFLED_GUARD,42,48,0.4791666666666667,0.2708333333333333,0.7291666666666666,1.0,0.25,0.0,1.0,0.041666666666666664
static,test,min_entry_delay,SHUFFLED_GUARD,17,48,0.5,0.25,0.75,1.0,0.25,0.0,1.0,0.0
static,test,min_entry_delay,SHUFFLED_GUARD,123,48,0.5,0.25,0.75,1.0,0.25,0.0,1.0,0.0
static,paraphrase,all,P0,42,144,0.5,0.22916666666666666,0.7708333333333334,1.0,0.2708333333333333,0.0,1.0,0.0
static,paraphrase,all,P0,17,144,0.5,0.25,0.75,1.0,0.25,0.0,1.0,0.0
static,paraphrase,all,P0,123,144,0.5,0.25,0.75,1.0,0.25,0.0,1.0,0.0
static,paraphrase,all,P1,42,144,0.9305555555555556,0.0,1.0,1.0,0.06944444444444445,0.0,1.0,0.8611111111111112
static,paraphrase,all,P1,17,144,0.9166666666666666,0.0,1.0,1.0,0.08333333333333333,0.0,1.0,0.8333333333333334
static,paraphrase,all,P1,123,144,0.9513888888888888,0.0,1.0,1.0,0.04861111111111111,0.0,1.0,0.9027777777777778
static,paraphrase,all,P2,42,144,0.8472222222222222,0.06944444444444445,0.9305555555555556,1.0,0.08333333333333333,0.0,1.0,0.6944444444444444
static,paraphrase,all,P2,17,144,0.8055555555555556,0.08333333333333333,0.9166666666666666,1.0,0.1111111111111111,0.0,1.0,0.6111111111111112
static,paraphrase,all,P2,123,144,0.7569444444444444,0.08333333333333333,0.9166666666666666,1.0,0.1597222222222222,0.0,1.0,0.5138888888888888
static,paraphrase,all,SHUFFLED_GUARD,42,144,0.5069444444444444,0.24305555555555555,0.7569444444444444,1.0,0.25,0.0,1.0,0.013888888888888888
static,paraphrase,all,SHUFFLED_GUARD,17,144,0.5,0.25,0.75,1.0,0.25,0.0,1.0,0.0
static,paraphrase,all,SHUFFLED_GUARD,123,144,0.5,0.25,0.75,1.0,0.25,0.0,1.0,0.0
static,paraphrase,max_speed,P0,42,48,0.5,0.22916666666666666,0.7708333333333334,1.0,0.2708333333333333,0.0,1.0,0.0
static,paraphrase,max_speed,P0,17,48,0.5,0.25,0.75,1.0,0.25,0.0,1.0,0.0
static,paraphrase,max_speed,P0,123,48,0.5,0.25,0.75,1.0,0.25,0.0,1.0,0.0
static,paraphrase,max_speed,P1,42,48,1.0,0.0,1.0,1.0,0.0,0.0,1.0,1.0
static,paraphrase,max_speed,P1,17,48,1.0,0.0,1.0,1.0,0.0,0.0,1.0,1.0
static,paraphrase,max_speed,P1,123,48,1.0,0.0,1.0,1.0,0.0,0.0,1.0,1.0
static,paraphrase,max_speed,P2,42,48,1.0,0.0,1.0,1.0,0.0,0.0,1.0,1.0
static,paraphrase,max_speed,P2,17,48,1.0,0.0,1.0,1.0,0.0,0.0,1.0,1.0
static,paraphrase,max_speed,P2,123,48,1.0,0.0,1.0,1.0,0.0,0.0,1.0,1.0
static,paraphrase,max_speed,SHUFFLED_GUARD,42,48,0.5,0.25,0.75,1.0,0.25,0.0,1.0,0.0
static,paraphrase,max_speed,SHUFFLED_GUARD,17,48,0.5,0.25,0.75,1.0,0.25,0.0,1.0,0.0
static,paraphrase,max_speed,SHUFFLED_GUARD,123,48,0.5,0.25,0.75,1.0,0.25,0.0,1.0,0.0
static,paraphrase,min_clearance,P0,42,48,0.5,0.22916666666666666,0.7708333333333334,1.0,0.2708333333333333,0.0,1.0,0.0
static,paraphrase,min_clearance,P0,17,48,0.5,0.25,0.75,1.0,0.25,0.0,1.0,0.0
static,paraphrase,min_clearance,P0,123,48,0.5,0.25,0.75,1.0,0.25,0.0,1.0,0.0
static,paraphrase,min_clearance,P1,42,48,1.0,0.0,1.0,1.0,0.0,0.0,1.0,1.0
static,paraphrase,min_clearance,P1,17,48,1.0,0.0,1.0,1.0,0.0,0.0,1.0,1.0
static,paraphrase,min_clearance,P1,123,48,1.0,0.0,1.0,1.0,0.0,0.0,1.0,1.0
static,paraphrase,min_clearance,P2,42,48,0.7916666666666666,0.20833333333333334,0.7916666666666666,1.0,0.0,0.0,1.0,0.5833333333333334
static,paraphrase,min_clearance,P2,17,48,0.6666666666666666,0.25,0.75,1.0,0.08333333333333333,0.0,1.0,0.3333333333333333
static,paraphrase,min_clearance,P2,123,48,0.5208333333333334,0.25,0.75,1.0,0.22916666666666666,0.0,1.0,0.041666666666666664
static,paraphrase,min_clearance,SHUFFLED_GUARD,42,48,0.5,0.25,0.75,1.0,0.25,0.0,1.0,0.0
static,paraphrase,min_clearance,SHUFFLED_GUARD,17,48,0.5,0.25,0.75,1.0,0.25,0.0,1.0,0.0
static,paraphrase,min_clearance,SHUFFLED_GUARD,123,48,0.5,0.25,0.75,1.0,0.25,0.0,1.0,0.0
static,paraphrase,min_entry_delay,P0,42,48,0.5,0.22916666666666666,0.7708333333333334,1.0,0.2708333333333333,0.0,1.0,0.0
static,paraphrase,min_entry_delay,P0,17,48,0.5,0.25,0.75,1.0,0.25,0.0,1.0,0.0
static,paraphrase,min_entry_delay,P0,123,48,0.5,0.25,0.75,1.0,0.25,0.0,1.0,0.0
static,paraphrase,min_entry_delay,P1,42,48,0.7916666666666666,0.0,1.0,1.0,0.20833333333333334,0.0,1.0,0.5833333333333334
static,paraphrase,min_entry_delay,P1,17,48,0.75,0.0,1.0,1.0,0.25,0.0,1.0,0.5
static,paraphrase,min_entry_delay,P1,123,48,0.8541666666666666,0.0,1.0,1.0,0.14583333333333334,0.0,1.0,0.7083333333333334
static,paraphrase,min_entry_delay,P2,42,48,0.75,0.0,1.0,1.0,0.25,0.0,1.0,0.5
static,paraphrase,min_entry_delay,P2,17,48,0.75,0.0,1.0,1.0,0.25,0.0,1.0,0.5
static,paraphrase,min_entry_delay,P2,123,48,0.75,0.0,1.0,1.0,0.25,0.0,1.0,0.5
static,paraphrase,min_entry_delay,SHUFFLED_GUARD,42,48,0.5208333333333334,0.22916666666666666,0.7708333333333334,1.0,0.25,0.0,1.0,0.041666666666666664
static,paraphrase,min_entry_delay,SHUFFLED_GUARD,17,48,0.5,0.25,0.75,1.0,0.25,0.0,1.0,0.0
static,paraphrase,min_entry_delay,SHUFFLED_GUARD,123,48,0.5,0.25,0.75,1.0,0.25,0.0,1.0,0.0
static,unseen,all,P0,42,144,0.5,0.1875,0.8125,1.0,0.3125,0.0,1.0,0.0
static,unseen,all,P0,17,144,0.5,0.25,0.75,1.0,0.25,0.0,1.0,0.0
static,unseen,all,P0,123,144,0.5,0.25,0.75,1.0,0.25,0.0,1.0,0.0
static,unseen,all,P1,42,144,1.0,0.0,1.0,1.0,0.0,0.0,1.0,1.0
static,unseen,all,P1,17,144,0.9861111111111112,0.0,1.0,1.0,0.013888888888888888,0.0,1.0,0.9722222222222222
static,unseen,all,P1,123,144,1.0,0.0,1.0,1.0,0.0,0.0,1.0,1.0
static,unseen,all,P2,42,144,0.9791666666666666,0.0,1.0,1.0,0.020833333333333332,0.0,1.0,0.9583333333333334
static,unseen,all,P2,17,144,0.9930555555555556,0.006944444444444444,0.9930555555555556,1.0,0.0,0.0,1.0,0.9861111111111112
static,unseen,all,P2,123,144,0.9444444444444444,0.0,1.0,1.0,0.05555555555555555,0.0,1.0,0.8888888888888888
static,unseen,all,SHUFFLED_GUARD,42,144,0.4791666666666667,0.25,0.75,1.0,0.2708333333333333,0.0,1.0,0.1111111111111111
static,unseen,all,SHUFFLED_GUARD,17,144,0.5,0.25,0.75,1.0,0.25,0.0,1.0,0.0
static,unseen,all,SHUFFLED_GUARD,123,144,0.5,0.25,0.75,1.0,0.25,0.0,1.0,0.0
static,unseen,max_speed,P0,42,48,0.5,0.1875,0.8125,1.0,0.3125,0.0,1.0,0.0
static,unseen,max_speed,P0,17,48,0.5,0.25,0.75,1.0,0.25,0.0,1.0,0.0
static,unseen,max_speed,P0,123,48,0.5,0.25,0.75,1.0,0.25,0.0,1.0,0.0
static,unseen,max_speed,P1,42,48,1.0,0.0,1.0,1.0,0.0,0.0,1.0,1.0
static,unseen,max_speed,P1,17,48,1.0,0.0,1.0,1.0,0.0,0.0,1.0,1.0
static,unseen,max_speed,P1,123,48,1.0,0.0,1.0,1.0,0.0,0.0,1.0,1.0
static,unseen,max_speed,P2,42,48,1.0,0.0,1.0,1.0,0.0,0.0,1.0,1.0
static,unseen,max_speed,P2,17,48,0.9791666666666666,0.020833333333333332,0.9791666666666666,1.0,0.0,0.0,1.0,0.9583333333333334
static,unseen,max_speed,P2,123,48,1.0,0.0,1.0,1.0,0.0,0.0,1.0,1.0
static,unseen,max_speed,SHUFFLED_GUARD,42,48,0.4791666666666667,0.25,0.75,1.0,0.2708333333333333,0.0,1.0,0.125
static,unseen,max_speed,SHUFFLED_GUARD,17,48,0.5,0.25,0.75,1.0,0.25,0.0,1.0,0.0
static,unseen,max_speed,SHUFFLED_GUARD,123,48,0.5,0.25,0.75,1.0,0.25,0.0,1.0,0.0
static,unseen,min_clearance,P0,42,48,0.5,0.1875,0.8125,1.0,0.3125,0.0,1.0,0.0
static,unseen,min_clearance,P0,17,48,0.5,0.25,0.75,1.0,0.25,0.0,1.0,0.0
static,unseen,min_clearance,P0,123,48,0.5,0.25,0.75,1.0,0.25,0.0,1.0,0.0
static,unseen,min_clearance,P1,42,48,1.0,0.0,1.0,1.0,0.0,0.0,1.0,1.0
static,unseen,min_clearance,P1,17,48,0.9583333333333334,0.0,1.0,1.0,0.041666666666666664,0.0,1.0,0.9166666666666666
static,unseen,min_clearance,P1,123,48,1.0,0.0,1.0,1.0,0.0,0.0,1.0,1.0
static,unseen,min_clearance,P2,42,48,1.0,0.0,1.0,1.0,0.0,0.0,1.0,1.0
static,unseen,min_clearance,P2,17,48,1.0,0.0,1.0,1.0,0.0,0.0,1.0,1.0
static,unseen,min_clearance,P2,123,48,0.9166666666666666,0.0,1.0,1.0,0.08333333333333333,0.0,1.0,0.8333333333333334
static,unseen,min_clearance,SHUFFLED_GUARD,42,48,0.4583333333333333,0.25,0.75,1.0,0.2916666666666667,0.0,1.0,0.125
static,unseen,min_clearance,SHUFFLED_GUARD,17,48,0.5,0.25,0.75,1.0,0.25,0.0,1.0,0.0
static,unseen,min_clearance,SHUFFLED_GUARD,123,48,0.5,0.25,0.75,1.0,0.25,0.0,1.0,0.0
static,unseen,min_entry_delay,P0,42,48,0.5,0.1875,0.8125,1.0,0.3125,0.0,1.0,0.0
static,unseen,min_entry_delay,P0,17,48,0.5,0.25,0.75,1.0,0.25,0.0,1.0,0.0
static,unseen,min_entry_delay,P0,123,48,0.5,0.25,0.75,1.0,0.25,0.0,1.0,0.0
static,unseen,min_entry_delay,P1,42,48,1.0,0.0,1.0,1.0,0.0,0.0,1.0,1.0
static,unseen,min_entry_delay,P1,17,48,1.0,0.0,1.0,1.0,0.0,0.0,1.0,1.0
static,unseen,min_entry_delay,P1,123,48,1.0,0.0,1.0,1.0,0.0,0.0,1.0,1.0
static,unseen,min_entry_delay,P2,42,48,0.9375,0.0,1.0,1.0,0.0625,0.0,1.0,0.875
static,unseen,min_entry_delay,P2,17,48,1.0,0.0,1.0,1.0,0.0,0.0,1.0,1.0
static,unseen,min_entry_delay,P2,123,48,0.9166666666666666,0.0,1.0,1.0,0.08333333333333333,0.0,1.0,0.8333333333333334
static,unseen,min_entry_delay,SHUFFLED_GUARD,42,48,0.5,0.25,0.75,1.0,0.25,0.0,1.0,0.08333333333333333
static,unseen,min_entry_delay,SHUFFLED_GUARD,17,48,0.5,0.25,0.75,1.0,0.25,0.0,1.0,0.0
static,unseen,min_entry_delay,SHUFFLED_GUARD,123,48,0.5,0.25,0.75,1.0,0.25,0.0,1.0,0.0
maneuver,test,all,P0,42,96,0.5,0.22916666666666666,0.7708333333333334,1.0,0.2708333333333333,0.0,1.0,0.0
maneuver,test,all,P0,17,96,0.5,0.3229166666666667,0.6770833333333334,1.0,0.17708333333333334,0.0,1.0,0.0
maneuver,test,all,P0,123,96,0.5,0.375,0.625,1.0,0.125,0.0,1.0,0.0
maneuver,test,all,P1,42,96,1.0,0.0,1.0,1.0,0.0,0.0,1.0,1.0
maneuver,test,all,P1,17,96,1.0,0.0,1.0,1.0,0.0,0.0,1.0,1.0
maneuver,test,all,P1,123,96,1.0,0.0,1.0,1.0,0.0,0.0,1.0,1.0
maneuver,test,all,P2,42,96,1.0,0.0,1.0,1.0,0.0,0.0,1.0,1.0
maneuver,test,all,P2,17,96,1.0,0.0,1.0,1.0,0.0,0.0,1.0,1.0
maneuver,test,all,P2,123,96,0.96875,0.0,1.0,1.0,0.03125,0.0,1.0,0.9375
maneuver,test,all,SHUFFLED_GUARD,42,96,0.4895833333333333,0.2916666666666667,0.7083333333333334,1.0,0.21875,0.0,1.0,0.0625
maneuver,test,all,SHUFFLED_GUARD,17,96,0.5,0.375,0.625,1.0,0.125,0.0,1.0,0.0
maneuver,test,all,SHUFFLED_GUARD,123,96,0.5,0.25,0.75,1.0,0.25,0.0,1.0,0.0
maneuver,test,cruise_stop,P0,42,48,0.5,0.20833333333333334,0.7916666666666666,1.0,0.2916666666666667,0.0,1.0,0.0
maneuver,test,cruise_stop,P0,17,48,0.5,0.25,0.75,1.0,0.25,0.0,1.0,0.0
maneuver,test,cruise_stop,P0,123,48,0.5,0.25,0.75,1.0,0.25,0.0,1.0,0.0
maneuver,test,cruise_stop,P1,42,48,1.0,0.0,1.0,1.0,0.0,0.0,1.0,1.0
maneuver,test,cruise_stop,P1,17,48,1.0,0.0,1.0,1.0,0.0,0.0,1.0,1.0
maneuver,test,cruise_stop,P1,123,48,1.0,0.0,1.0,1.0,0.0,0.0,1.0,1.0
maneuver,test,cruise_stop,P2,42,48,1.0,0.0,1.0,1.0,0.0,0.0,1.0,1.0
maneuver,test,cruise_stop,P2,17,48,1.0,0.0,1.0,1.0,0.0,0.0,1.0,1.0
maneuver,test,cruise_stop,P2,123,48,1.0,0.0,1.0,1.0,0.0,0.0,1.0,1.0
maneuver,test,cruise_stop,SHUFFLED_GUARD,42,48,0.5,0.25,0.75,1.0,0.25,0.0,1.0,0.0
maneuver,test,cruise_stop,SHUFFLED_GUARD,17,48,0.5,0.25,0.75,1.0,0.25,0.0,1.0,0.0
maneuver,test,cruise_stop,SHUFFLED_GUARD,123,48,0.5,0.0,1.0,1.0,0.5,0.0,1.0,0.0
maneuver,test,lane_change,P0,42,48,0.5,0.25,0.75,1.0,0.25,0.0,1.0,0.0
maneuver,test,lane_change,P0,17,48,0.5,0.3958333333333333,0.6041666666666666,1.0,0.10416666666666667,0.0,1.0,0.0
maneuver,test,lane_change,P0,123,48,0.5,0.5,0.5,1.0,0.0,0.0,1.0,0.0
maneuver,test,lane_change,P1,42,48,1.0,0.0,1.0,1.0,0.0,0.0,1.0,1.0
maneuver,test,lane_change,P1,17,48,1.0,0.0,1.0,1.0,0.0,0.0,1.0,1.0
maneuver,test,lane_change,P1,123,48,1.0,0.0,1.0,1.0,0.0,0.0,1.0,1.0
maneuver,test,lane_change,P2,42,48,1.0,0.0,1.0,1.0,0.0,0.0,1.0,1.0
maneuver,test,lane_change,P2,17,48,1.0,0.0,1.0,1.0,0.0,0.0,1.0,1.0
maneuver,test,lane_change,P2,123,48,0.9375,0.0,1.0,1.0,0.0625,0.0,1.0,0.875
maneuver,test,lane_change,SHUFFLED_GUARD,42,48,0.4791666666666667,0.3333333333333333,0.6666666666666666,1.0,0.1875,0.0,1.0,0.125
maneuver,test,lane_change,SHUFFLED_GUARD,17,48,0.5,0.5,0.5,1.0,0.0,0.0,1.0,0.0
maneuver,test,lane_change,SHUFFLED_GUARD,123,48,0.5,0.5,0.5,1.0,0.0,0.0,1.0,0.0
maneuver,paraphrase,all,P0,42,96,0.5,0.22916666666666666,0.7708333333333334,1.0,0.2708333333333333,0.0,1.0,0.0
maneuver,paraphrase,all,P0,17,96,0.5,0.3229166666666667,0.6770833333333334,1.0,0.17708333333333334,0.0,1.0,0.0
maneuver,paraphrase,all,P0,123,96,0.5,0.375,0.625,1.0,0.125,0.0,1.0,0.0
maneuver,paraphrase,all,P1,42,96,1.0,0.0,1.0,1.0,0.0,0.0,1.0,1.0
maneuver,paraphrase,all,P1,17,96,1.0,0.0,1.0,1.0,0.0,0.0,1.0,1.0
maneuver,paraphrase,all,P1,123,96,1.0,0.0,1.0,1.0,0.0,0.0,1.0,1.0
maneuver,paraphrase,all,P2,42,96,1.0,0.0,1.0,1.0,0.0,0.0,1.0,1.0
maneuver,paraphrase,all,P2,17,96,0.9375,0.0625,0.9375,1.0,0.0,0.0,1.0,0.875
maneuver,paraphrase,all,P2,123,96,1.0,0.0,1.0,1.0,0.0,0.0,1.0,1.0
maneuver,paraphrase,all,SHUFFLED_GUARD,42,96,0.5520833333333334,0.19791666666666666,0.8020833333333334,1.0,0.25,0.0,1.0,0.125
maneuver,paraphrase,all,SHUFFLED_GUARD,17,96,0.5208333333333334,0.3541666666666667,0.6458333333333334,1.0,0.125,0.0,1.0,0.041666666666666664
maneuver,paraphrase,all,SHUFFLED_GUARD,123,96,0.5,0.25,0.75,1.0,0.25,0.0,1.0,0.0
maneuver,paraphrase,cruise_stop,P0,42,48,0.5,0.20833333333333334,0.7916666666666666,1.0,0.2916666666666667,0.0,1.0,0.0
maneuver,paraphrase,cruise_stop,P0,17,48,0.5,0.25,0.75,1.0,0.25,0.0,1.0,0.0
maneuver,paraphrase,cruise_stop,P0,123,48,0.5,0.25,0.75,1.0,0.25,0.0,1.0,0.0
maneuver,paraphrase,cruise_stop,P1,42,48,1.0,0.0,1.0,1.0,0.0,0.0,1.0,1.0
maneuver,paraphrase,cruise_stop,P1,17,48,1.0,0.0,1.0,1.0,0.0,0.0,1.0,1.0
maneuver,paraphrase,cruise_stop,P1,123,48,1.0,0.0,1.0,1.0,0.0,0.0,1.0,1.0
maneuver,paraphrase,cruise_stop,P2,42,48,1.0,0.0,1.0,1.0,0.0,0.0,1.0,1.0
maneuver,paraphrase,cruise_stop,P2,17,48,1.0,0.0,1.0,1.0,0.0,0.0,1.0,1.0
maneuver,paraphrase,cruise_stop,P2,123,48,1.0,0.0,1.0,1.0,0.0,0.0,1.0,1.0
maneuver,paraphrase,cruise_stop,SHUFFLED_GUARD,42,48,0.4791666666666667,0.020833333333333332,0.9791666666666666,1.0,0.5,0.0,1.0,0.0
maneuver,paraphrase,cruise_stop,SHUFFLED_GUARD,17,48,0.5,0.25,0.75,1.0,0.25,0.0,1.0,0.0
maneuver,paraphrase,cruise_stop,SHUFFLED_GUARD,123,48,0.5,0.0,1.0,1.0,0.5,0.0,1.0,0.0
maneuver,paraphrase,lane_change,P0,42,48,0.5,0.25,0.75,1.0,0.25,0.0,1.0,0.0
maneuver,paraphrase,lane_change,P0,17,48,0.5,0.3958333333333333,0.6041666666666666,1.0,0.10416666666666667,0.0,1.0,0.0
maneuver,paraphrase,lane_change,P0,123,48,0.5,0.5,0.5,1.0,0.0,0.0,1.0,0.0
maneuver,paraphrase,lane_change,P1,42,48,1.0,0.0,1.0,1.0,0.0,0.0,1.0,1.0
maneuver,paraphrase,lane_change,P1,17,48,1.0,0.0,1.0,1.0,0.0,0.0,1.0,1.0
maneuver,paraphrase,lane_change,P1,123,48,1.0,0.0,1.0,1.0,0.0,0.0,1.0,1.0
maneuver,paraphrase,lane_change,P2,42,48,1.0,0.0,1.0,1.0,0.0,0.0,1.0,1.0
maneuver,paraphrase,lane_change,P2,17,48,0.875,0.125,0.875,1.0,0.0,0.0,1.0,0.75
maneuver,paraphrase,lane_change,P2,123,48,1.0,0.0,1.0,1.0,0.0,0.0,1.0,1.0
maneuver,paraphrase,lane_change,SHUFFLED_GUARD,42,48,0.625,0.375,0.625,1.0,0.0,0.0,1.0,0.25
maneuver,paraphrase,lane_change,SHUFFLED_GUARD,17,48,0.5416666666666666,0.4583333333333333,0.5416666666666666,1.0,0.0,0.0,1.0,0.08333333333333333
maneuver,paraphrase,lane_change,SHUFFLED_GUARD,123,48,0.5,0.5,0.5,1.0,0.0,0.0,1.0,0.0
maneuver,unseen,all,P0,42,96,0.5,0.25,0.75,1.0,0.25,0.0,1.0,0.0
maneuver,unseen,all,P0,17,96,0.5,0.28125,0.71875,1.0,0.21875,0.0,1.0,0.0
maneuver,unseen,all,P0,123,96,0.5,0.3958333333333333,0.6041666666666666,1.0,0.10416666666666667,0.0,1.0,0.0
maneuver,unseen,all,P1,42,96,1.0,0.0,1.0,1.0,0.0,0.0,1.0,1.0
maneuver,unseen,all,P1,17,96,1.0,0.0,1.0,1.0,0.0,0.0,1.0,1.0
maneuver,unseen,all,P1,123,96,1.0,0.0,1.0,1.0,0.0,0.0,1.0,1.0
maneuver,unseen,all,P2,42,96,1.0,0.0,1.0,1.0,0.0,0.0,1.0,1.0
maneuver,unseen,all,P2,17,96,1.0,0.0,1.0,1.0,0.0,0.0,1.0,1.0
maneuver,unseen,all,P2,123,96,0.96875,0.0,1.0,1.0,0.03125,0.0,1.0,0.9375
maneuver,unseen,all,SHUFFLED_GUARD,42,96,0.4895833333333333,0.3020833333333333,0.6979166666666666,1.0,0.20833333333333334,0.0,1.0,0.08333333333333333
maneuver,unseen,all,SHUFFLED_GUARD,17,96,0.5,0.375,0.625,1.0,0.125,0.0,1.0,0.0
maneuver,unseen,all,SHUFFLED_GUARD,123,96,0.5,0.25,0.75,1.0,0.25,0.0,1.0,0.0
maneuver,unseen,cruise_stop,P0,42,48,0.5,0.25,0.75,1.0,0.25,0.0,1.0,0.0
maneuver,unseen,cruise_stop,P0,17,48,0.5,0.25,0.75,1.0,0.25,0.0,1.0,0.0
maneuver,unseen,cruise_stop,P0,123,48,0.5,0.2916666666666667,0.7083333333333334,1.0,0.20833333333333334,0.0,1.0,0.0
maneuver,unseen,cruise_stop,P1,42,48,1.0,0.0,1.0,1.0,0.0,0.0,1.0,1.0
maneuver,unseen,cruise_stop,P1,17,48,1.0,0.0,1.0,1.0,0.0,0.0,1.0,1.0
maneuver,unseen,cruise_stop,P1,123,48,1.0,0.0,1.0,1.0,0.0,0.0,1.0,1.0
maneuver,unseen,cruise_stop,P2,42,48,1.0,0.0,1.0,1.0,0.0,0.0,1.0,1.0
maneuver,unseen,cruise_stop,P2,17,48,1.0,0.0,1.0,1.0,0.0,0.0,1.0,1.0
maneuver,unseen,cruise_stop,P2,123,48,1.0,0.0,1.0,1.0,0.0,0.0,1.0,1.0
maneuver,unseen,cruise_stop,SHUFFLED_GUARD,42,48,0.5,0.25,0.75,1.0,0.25,0.0,1.0,0.0
maneuver,unseen,cruise_stop,SHUFFLED_GUARD,17,48,0.5,0.25,0.75,1.0,0.25,0.0,1.0,0.0
maneuver,unseen,cruise_stop,SHUFFLED_GUARD,123,48,0.5,0.0,1.0,1.0,0.5,0.0,1.0,0.0
maneuver,unseen,lane_change,P0,42,48,0.5,0.25,0.75,1.0,0.25,0.0,1.0,0.0
maneuver,unseen,lane_change,P0,17,48,0.5,0.3125,0.6875,1.0,0.1875,0.0,1.0,0.0
maneuver,unseen,lane_change,P0,123,48,0.5,0.5,0.5,1.0,0.0,0.0,1.0,0.0
maneuver,unseen,lane_change,P1,42,48,1.0,0.0,1.0,1.0,0.0,0.0,1.0,1.0
maneuver,unseen,lane_change,P1,17,48,1.0,0.0,1.0,1.0,0.0,0.0,1.0,1.0
maneuver,unseen,lane_change,P1,123,48,1.0,0.0,1.0,1.0,0.0,0.0,1.0,1.0
maneuver,unseen,lane_change,P2,42,48,1.0,0.0,1.0,1.0,0.0,0.0,1.0,1.0
maneuver,unseen,lane_change,P2,17,48,1.0,0.0,1.0,1.0,0.0,0.0,1.0,1.0
maneuver,unseen,lane_change,P2,123,48,0.9375,0.0,1.0,1.0,0.0625,0.0,1.0,0.875
maneuver,unseen,lane_change,SHUFFLED_GUARD,42,48,0.4791666666666667,0.3541666666666667,0.6458333333333334,1.0,0.16666666666666666,0.0,1.0,0.16666666666666666
maneuver,unseen,lane_change,SHUFFLED_GUARD,17,48,0.5,0.5,0.5,1.0,0.0,0.0,1.0,0.0
maneuver,unseen,lane_change,SHUFFLED_GUARD,123,48,0.5,0.5,0.5,1.0,0.0,0.0,1.0,0.0
maneuver,hard,all,P0,42,96,0.5,0.25,0.75,1.0,0.25,0.0,1.0,0.0
maneuver,hard,all,P0,17,96,0.5,0.28125,0.71875,1.0,0.21875,0.0,1.0,0.0
maneuver,hard,all,P0,123,96,0.5,0.375,0.625,1.0,0.125,0.0,1.0,0.0
maneuver,hard,all,P1,42,96,0.875,0.0,1.0,1.0,0.125,0.0,1.0,0.75
maneuver,hard,all,P1,17,96,0.96875,0.0,1.0,1.0,0.03125,0.0,1.0,0.9375
maneuver,hard,all,P1,123,96,0.9791666666666666,0.020833333333333332,0.9791666666666666,1.0,0.0,0.0,1.0,0.9583333333333334
maneuver,hard,all,P2,42,96,0.8958333333333334,0.0,1.0,1.0,0.10416666666666667,0.0,1.0,0.7916666666666666
maneuver,hard,all,P2,17,96,0.9895833333333334,0.010416666666666666,0.9895833333333334,1.0,0.0,0.0,1.0,0.9791666666666666
maneuver,hard,all,P2,123,96,0.8541666666666666,0.020833333333333332,0.9791666666666666,1.0,0.125,0.0,1.0,0.7083333333333334
maneuver,hard,all,SHUFFLED_GUARD,42,96,0.53125,0.34375,0.65625,1.0,0.125,0.0,1.0,0.0625
maneuver,hard,all,SHUFFLED_GUARD,17,96,0.5,0.375,0.625,1.0,0.125,0.0,1.0,0.0
maneuver,hard,all,SHUFFLED_GUARD,123,96,0.5,0.25,0.75,1.0,0.25,0.0,1.0,0.0
maneuver,hard,cruise_stop,P0,42,48,0.5,0.25,0.75,1.0,0.25,0.0,1.0,0.0
maneuver,hard,cruise_stop,P0,17,48,0.5,0.25,0.75,1.0,0.25,0.0,1.0,0.0
maneuver,hard,cruise_stop,P0,123,48,0.5,0.25,0.75,1.0,0.25,0.0,1.0,0.0
maneuver,hard,cruise_stop,P1,42,48,1.0,0.0,1.0,1.0,0.0,0.0,1.0,1.0
maneuver,hard,cruise_stop,P1,17,48,1.0,0.0,1.0,1.0,0.0,0.0,1.0,1.0
maneuver,hard,cruise_stop,P1,123,48,0.9583333333333334,0.041666666666666664,0.9583333333333334,1.0,0.0,0.0,1.0,0.9166666666666666
maneuver,hard,cruise_stop,P2,42,48,0.7916666666666666,0.0,1.0,1.0,0.20833333333333334,0.0,1.0,0.5833333333333334
maneuver,hard,cruise_stop,P2,17,48,0.9791666666666666,0.020833333333333332,0.9791666666666666,1.0,0.0,0.0,1.0,0.9583333333333334
maneuver,hard,cruise_stop,P2,123,48,0.9583333333333334,0.041666666666666664,0.9583333333333334,1.0,0.0,0.0,1.0,0.9166666666666666
maneuver,hard,cruise_stop,SHUFFLED_GUARD,42,48,0.5208333333333334,0.22916666666666666,0.7708333333333334,1.0,0.25,0.0,1.0,0.041666666666666664
maneuver,hard,cruise_stop,SHUFFLED_GUARD,17,48,0.5,0.25,0.75,1.0,0.25,0.0,1.0,0.0
maneuver,hard,cruise_stop,SHUFFLED_GUARD,123,48,0.5,0.0,1.0,1.0,0.5,0.0,1.0,0.0
maneuver,hard,lane_change,P0,42,48,0.5,0.25,0.75,1.0,0.25,0.0,1.0,0.0
maneuver,hard,lane_change,P0,17,48,0.5,0.3125,0.6875,1.0,0.1875,0.0,1.0,0.0
maneuver,hard,lane_change,P0,123,48,0.5,0.5,0.5,1.0,0.0,0.0,1.0,0.0
maneuver,hard,lane_change,P1,42,48,0.75,0.0,1.0,1.0,0.25,0.0,1.0,0.5
maneuver,hard,lane_change,P1,17,48,0.9375,0.0,1.0,1.0,0.0625,0.0,1.0,0.875
maneuver,hard,lane_change,P1,123,48,1.0,0.0,1.0,1.0,0.0,0.0,1.0,1.0
maneuver,hard,lane_change,P2,42,48,1.0,0.0,1.0,1.0,0.0,0.0,1.0,1.0
maneuver,hard,lane_change,P2,17,48,1.0,0.0,1.0,1.0,0.0,0.0,1.0,1.0
maneuver,hard,lane_change,P2,123,48,0.75,0.0,1.0,1.0,0.25,0.0,1.0,0.5
maneuver,hard,lane_change,SHUFFLED_GUARD,42,48,0.5416666666666666,0.4583333333333333,0.5416666666666666,1.0,0.0,0.0,1.0,0.08333333333333333
maneuver,hard,lane_change,SHUFFLED_GUARD,17,48,0.5,0.5,0.5,1.0,0.0,0.0,1.0,0.0
maneuver,hard,lane_change,SHUFFLED_GUARD,123,48,0.5,0.5,0.5,1.0,0.0,0.0,1.0,0.0
