seed,variant,kind,episodes,unsafe_rate,forbidden_entry_rate,collision_rate,safe_gap_violation_rate,completion_rate,mean_progress_m,mean_released_stop_s,mean_interventions,mean_abs_jerk
42,A_STATE,crosswalk,5,1.0,1.0,1.0,0.0,1.0,27.8108460766108,0.0,0.0,0.060370899506352924
42,A_STATE,lead_brake,5,1.0,0.0,1.0,1.0,1.0,31.018875352207736,0.0,0.0,0.0257735857563351
42,A_STATE,stop_intersection,5,1.0,1.0,1.0,0.0,1.0,29.21243315405862,0.0,0.0,0.03896073743184923
42,B_COC,crosswalk,5,1.0,1.0,1.0,0.0,1.0,27.3844785617918,0.0,0.0,0.05108057837637644
42,B_COC,lead_brake,5,1.0,0.0,1.0,1.0,1.0,30.555341299202304,0.0,0.0,0.03782827119503725
42,B_COC,stop_intersection,5,1.0,1.0,1.0,0.0,1.0,29.14114549397696,0.0,0.0,0.036485137529493616
42,C_CONTRACT,crosswalk,5,1.0,1.0,1.0,0.0,1.0,27.685576500657323,0.0,0.0,0.10011813908494545
42,C_CONTRACT,lead_brake,5,1.0,0.0,1.0,1.0,1.0,30.981979264576005,0.0,0.0,0.1157168323116039
42,C_CONTRACT,stop_intersection,5,1.0,1.0,1.0,0.0,1.0,29.087801985707678,0.0,0.0,0.07028860366070738
42,D_CONTRACT_SHIELD,crosswalk,5,0.0,0.0,0.0,0.0,0.0,20.154373768928554,0.4,19.6,1.5576740343219195
42,D_CONTRACT_SHIELD,lead_brake,5,0.0,0.0,0.0,1.0,1.0,28.045723812717075,0.0,11.2,1.3729979277449127
42,D_CONTRACT_SHIELD,stop_intersection,5,0.0,0.0,0.0,0.0,0.0,23.773217921254957,0.4,14.6,1.5268485896989827
43,A_STATE,crosswalk,5,1.0,1.0,1.0,0.0,1.0,27.806807441568804,0.0,0.0,0.08336721293958108
43,A_STATE,lead_brake,5,1.0,0.0,1.0,1.0,1.0,30.791048958737907,0.0,0.0,0.022862980018059413
43,A_STATE,stop_intersection,5,1.0,1.0,1.0,0.0,1.0,29.341834280577096,0.0,0.0,0.05072393245921051
43,B_COC,crosswalk,5,1.0,1.0,1.0,0.0,1.0,27.45341833292638,0.0,0.0,0.03517342876820337
43,B_COC,lead_brake,5,1.0,0.0,1.0,1.0,1.0,30.88328146579142,0.0,0.0,0.026166618158055977
43,B_COC,stop_intersection,5,1.0,1.0,1.0,0.0,1.0,29.26355824088325,0.0,0.0,0.022444125623700132
43,C_CONTRACT,crosswalk,5,1.0,1.0,1.0,0.0,1.0,27.142015942211174,0.0,0.0,0.09908265233158119
43,C_CONTRACT,lead_brake,5,1.0,0.0,1.0,1.0,1.0,30.8043372026908,0.0,0.0,0.08392581296903726
43,C_CONTRACT,stop_intersection,5,1.0,1.0,1.0,0.0,1.0,28.692329526490767,0.0,0.0,0.08641142815387134
43,D_CONTRACT_SHIELD,crosswalk,5,0.0,0.0,0.0,0.0,0.0,19.817508241857,0.6000000000000001,19.8,1.5482745336671162
43,D_CONTRACT_SHIELD,lead_brake,5,0.0,0.0,0.0,1.0,1.0,28.04708918579406,0.0,24.2,1.4727753828717476
43,D_CONTRACT_SHIELD,stop_intersection,5,0.0,0.0,0.0,0.0,0.0,23.389429960581808,0.4,14.8,1.502499640484651
