seed,variant,episode,kind,forbidden_entry,collision,safe_gap_violation,interventions,released_stop_steps,progress,mean_abs_jerk,completed,unsafe
42,A_STATE,0,crosswalk,True,True,False,0,0,30.573891712459528,0.07828714031922189,True,True
42,A_STATE,1,crosswalk,True,True,False,0,0,27.101332212597974,0.09822530547777812,True,True
42,A_STATE,2,crosswalk,True,True,False,0,0,22.38182832577602,0.0975770503282547,True,True
42,A_STATE,3,crosswalk,True,True,False,0,0,27.47226730442133,0.014233040182214033,True,True
42,A_STATE,4,crosswalk,True,True,False,0,0,31.52491082779915,0.013531961224295876,True,True
42,A_STATE,5,stop_intersection,True,True,False,0,0,26.450099333568005,0.009716283529996872,True,True
42,A_STATE,6,stop_intersection,True,True,False,0,0,30.281470893440407,0.00986759861310323,True,True
42,A_STATE,7,stop_intersection,True,True,False,0,0,30.98374564018269,0.022648850625211544,True,True
42,A_STATE,8,stop_intersection,True,True,False,0,0,29.32012721094248,0.13980346066611152,True,True
42,A_STATE,9,stop_intersection,True,True,False,0,0,29.0267226921595,0.012767493724822996,True,True
42,A_STATE,10,lead_brake,False,True,True,0,0,23.790182444800532,0.02719629555940628,True,True
42,A_STATE,11,lead_brake,False,True,True,0,0,39.269017047384935,0.023533818311989307,True,True
42,A_STATE,12,lead_brake,False,True,True,0,0,33.6433804276269,0.027610093355178833,True,True
42,A_STATE,13,lead_brake,False,True,True,0,0,30.14613540282902,0.02692884401134823,True,True
42,A_STATE,14,lead_brake,False,True,True,0,0,28.245661438397313,0.023598877543752842,True,True
42,B_COC,0,crosswalk,True,True,False,0,0,30.561744779468565,0.06735977199342515,True,True
42,B_COC,1,crosswalk,True,True,False,0,0,26.22577540389342,0.08330251489366804,True,True
42,B_COC,2,crosswalk,True,True,False,0,0,21.70689035472941,0.07525811592737834,True,True
42,B_COC,3,crosswalk,True,True,False,0,0,26.947828268242695,0.014761504199769761,True,True
42,B_COC,4,crosswalk,True,True,False,0,0,31.480154002624886,0.014720984867640903,True,True
42,B_COC,5,stop_intersection,True,True,False,0,0,27.887117884202382,0.017652660608291626,True,True
42,B_COC,6,stop_intersection,True,True,False,0,0,30.185089212986444,0.018094252137576834,True,True
42,B_COC,7,stop_intersection,True,True,False,0,0,31.70775130017133,0.015330257869902112,True,True
42,B_COC,8,stop_intersection,True,True,False,0,0,28.405019320653764,0.11523253039309853,True,True
42,B_COC,9,stop_intersection,True,True,False,0,0,27.520749751870877,0.01611598663859897,True,True
42,B_COC,10,lead_brake,False,True,True,0,0,23.65885752563635,0.039357139418522515,True,True
42,B_COC,11,lead_brake,False,True,True,0,0,38.24319539747793,0.04071334295946619,True,True
42,B_COC,12,lead_brake,False,True,True,0,0,32.44440407376271,0.03705088670055071,True,True
42,B_COC,13,lead_brake,False,True,True,0,0,30.22995574733671,0.03805392786212589,True,True
42,B_COC,14,lead_brake,False,True,True,0,0,28.200293751797815,0.03396605903452093,True,True
42,C_CONTRACT,0,crosswalk,True,True,False,0,0,30.646684957775086,0.1256317370816281,True,True
42,C_CONTRACT,1,crosswalk,True,True,False,0,0,27.173889060527937,0.15203380584716797,True,True
42,C_CONTRACT,2,crosswalk,True,True,False,0,0,21.98417124607937,0.13827341608703136,True,True
42,C_CONTRACT,3,crosswalk,True,True,False,0,0,27.222110233069323,0.0434057963521857,True,True
42,C_CONTRACT,4,crosswalk,True,True,False,0,0,31.401027005834887,0.04124594005671414,True,True
42,C_CONTRACT,5,stop_intersection,True,True,False,0,0,27.898400328871347,0.047419597120846015,True,True
42,C_CONTRACT,6,stop_intersection,True,True,False,0,0,30.06725661021249,0.04746910598542955,True,True
42,C_CONTRACT,7,stop_intersection,True,True,False,0,0,30.381239311957565,0.050331963734193276,True,True
42,C_CONTRACT,8,stop_intersection,True,True,False,0,0,28.669881995049693,0.1638416236355191,True,True
42,C_CONTRACT,9,stop_intersection,True,True,False,0,0,28.422231682447276,0.04238072782754898,True,True
42,C_CONTRACT,10,lead_brake,False,True,True,0,0,23.638904638600447,0.1336018968787458,True,True
42,C_CONTRACT,11,lead_brake,False,True,True,0,0,38.97649857230146,0.11486780384312505,True,True
42,C_CONTRACT,12,lead_brake,False,True,True,0,0,33.17855912785513,0.10759014325837293,True,True
42,C_CONTRACT,13,lead_brake,False,True,True,0,0,30.62208329474983,0.11067186846681262,True,True
42,C_CONTRACT,14,lead_brake,False,True,True,0,0,28.493850689373165,0.11185244911096313,True,True
42,D_CONTRACT_SHIELD,0,crosswalk,False,False,False,18,2,23.403161325319953,1.5569447136969654,False,False
42,D_CONTRACT_SHIELD,1,crosswalk,False,False,False,21,2,20.18577243938687,1.568737572711757,False,False
42,D_CONTRACT_SHIELD,2,crosswalk,False,False,False,23,2,14.486994325557975,1.5619195322705126,False,False
42,D_CONTRACT_SHIELD,3,crosswalk,False,False,False,21,2,18.67021499011589,1.5558100280343972,False,False
42,D_CONTRACT_SHIELD,4,crosswalk,False,False,False,15,2,24.02572576426208,1.5449583248959649,False,False
42,D_CONTRACT_SHIELD,5,stop_intersection,False,False,False,17,2,22.12171687129183,1.531880522640342,False,False
42,D_CONTRACT_SHIELD,6,stop_intersection,False,False,False,16,2,24.32924072049307,1.5400373383592332,False,False
42,D_CONTRACT_SHIELD,7,stop_intersection,False,False,False,9,2,27.342815757628728,1.4921696045969286,False,False
42,D_CONTRACT_SHIELD,8,stop_intersection,False,False,False,18,2,21.269880941556437,1.5620945376208701,False,False
42,D_CONTRACT_SHIELD,9,stop_intersection,False,False,False,13,2,23.802435315304724,1.5080609452775402,False,False
42,D_CONTRACT_SHIELD,10,lead_brake,False,False,True,13,0,20.537705407206047,1.4056292380441109,True,False
42,D_CONTRACT_SHIELD,11,lead_brake,False,False,True,12,0,35.722725307666785,1.3717750364329475,True,False
42,D_CONTRACT_SHIELD,12,lead_brake,False,False,True,10,0,30.27576926168739,1.3519602221014917,True,False
42,D_CONTRACT_SHIELD,13,lead_brake,False,False,True,10,0,27.976654172166707,1.3632146956450824,True,False
42,D_CONTRACT_SHIELD,14,lead_brake,False,False,True,11,0,25.715764914858447,1.3724104465009308,True,False
43,A_STATE,0,crosswalk,True,True,False,0,0,31.21644193712136,0.11443490260525754,True,True
43,A_STATE,1,crosswalk,True,True,False,0,0,27.668157168538222,0.1429957052071889,True,True
43,A_STATE,2,crosswalk,True,True,False,0,0,22.659691920069612,0.13164393603801727,True,True
43,A_STATE,3,crosswalk,True,True,False,0,0,26.552134222222186,0.013899637593163384,True,True
43,A_STATE,4,crosswalk,True,True,False,0,0,30.93761195989265,0.013861883254278274,True,True
43,A_STATE,5,stop_intersection,True,True,False,0,0,28.157046307441334,0.013329228934119728,True,True
43,A_STATE,6,stop_intersection,True,True,False,0,0,30.31485893112199,0.01363466183344523,True,True
43,A_STATE,7,stop_intersection,True,True,False,0,0,30.81211775329133,0.01921002160419117,True,True
43,A_STATE,8,stop_intersection,True,True,False,0,0,28.59918458732722,0.19555073408853438,True,True
43,A_STATE,9,stop_intersection,True,True,False,0,0,28.82596382370361,0.011895015835762024,True,True
43,A_STATE,10,lead_brake,False,True,True,0,0,23.083404473392747,0.023592915385961533,True,True
43,A_STATE,11,lead_brake,False,True,True,0,0,38.25690338195923,0.025119256405603314,True,True
43,A_STATE,12,lead_brake,False,True,True,0,0,33.12376277872642,0.021320581436157227,True,True
43,A_STATE,13,lead_brake,False,True,True,0,0,30.826442356574567,0.02248419182641165,True,True
43,A_STATE,14,lead_brake,False,True,True,0,0,28.664731803036545,0.02179795503616333,True,True
43,B_COC,0,crosswalk,True,True,False,0,0,31.11984073650934,0.04845044679111904,True,True
43,B_COC,1,crosswalk,True,True,False,0,0,26.537155419505062,0.062149294785090854,True,True
43,B_COC,2,crosswalk,True,True,False,0,0,21.99445760068965,0.05725514888763427,True,True
43,B_COC,3,crosswalk,True,True,False,0,0,27.364655119610646,0.004052254888746473,True,True
43,B_COC,4,crosswalk,True,True,False,0,0,30.25098278831718,0.003959998488426208,True,True
43,B_COC,5,stop_intersection,True,True,False,0,0,27.962836283488656,0.005766432732343674,True,True
43,B_COC,6,stop_intersection,True,True,False,0,0,30.295566773745037,0.006099501076866598,True,True
43,B_COC,7,stop_intersection,True,True,False,0,0,31.861928629711596,0.0051783521970113116,True,True
43,B_COC,8,stop_intersection,True,True,False,0,0,28.599100013183445,0.09066206844229446,True,True
43,B_COC,9,stop_intersection,True,True,False,0,0,27.598359504287494,0.004514273669984605,True,True
43,B_COC,10,lead_brake,False,True,True,0,0,23.51663539637038,0.025503872071995455,True,True
43,B_COC,11,lead_brake,False,True,True,0,0,38.768925523801244,0.027778927575458176,True,True
43,B_COC,12,lead_brake,False,True,True,0,0,32.718117279656255,0.02905329284460648,True,True
43,B_COC,13,lead_brake,False,True,True,0,0,30.707933097967793,0.026289258490909226,True,True
43,B_COC,14,lead_brake,False,True,True,0,0,28.70479603116142,0.02220773980731056,True,True
43,C_CONTRACT,0,crosswalk,True,True,False,0,0,30.20751482617952,0.11451893382602267,True,True
43,C_CONTRACT,1,crosswalk,True,True,False,0,0,25.908775599515863,0.13848104647227696,True,True
43,C_CONTRACT,2,crosswalk,True,True,False,0,0,22.588167732743187,0.11114216409623623,True,True
43,C_CONTRACT,3,crosswalk,True,True,False,0,0,26.250355297757004,0.06802691353691948,True,True
43,C_CONTRACT,4,crosswalk,True,True,False,0,0,30.755266254860306,0.0632442037264506,True,True
43,C_CONTRACT,5,stop_intersection,True,True,False,0,0,26.75813886229553,0.07975229062139988,True,True
43,C_CONTRACT,6,stop_intersection,True,True,False,0,0,29.009636941286544,0.07973641157150269,True,True
43,C_CONTRACT,7,stop_intersection,True,True,False,0,0,31.502089035773466,0.07360367612405257,True,True
43,C_CONTRACT,8,stop_intersection,True,True,False,0,0,28.518268828458822,0.1301518902182579,True,True
43,C_CONTRACT,9,stop_intersection,True,True,False,0,0,27.67351396463947,0.0688128722341437,True,True
43,C_CONTRACT,10,lead_brake,False,True,True,0,0,23.219250060209724,0.1012480741038042,True,True
43,C_CONTRACT,11,lead_brake,False,True,True,0,0,38.74361124370855,0.08054145357825539,True,True
43,C_CONTRACT,12,lead_brake,False,True,True,0,0,33.06914646858725,0.07630830873613773,True,True
43,C_CONTRACT,13,lead_brake,False,True,True,0,0,30.57201198864906,0.07944141260602257,True,True
43,C_CONTRACT,14,lead_brake,False,True,True,0,0,28.417666252299426,0.08208981582096643,True,True
43,D_CONTRACT_SHIELD,0,crosswalk,False,False,False,19,3,23.07157388203278,1.5539477359280622,False,False
43,D_CONTRACT_SHIELD,1,crosswalk,False,False,False,21,3,19.72205343379222,1.5517161715871246,False,False
43,D_CONTRACT_SHIELD,2,crosswalk,False,False,False,23,3,14.212744170163703,1.5560758555164707,False,False
43,D_CONTRACT_SHIELD,3,crosswalk,False,False,False,21,3,18.45093290245208,1.5381264424222154,False,False
43,D_CONTRACT_SHIELD,4,crosswalk,False,False,False,15,3,23.630236820844214,1.541506462881708,False,False
43,D_CONTRACT_SHIELD,5,stop_intersection,False,False,False,17,2,21.728849972819717,1.5064749502473407,False,False
43,D_CONTRACT_SHIELD,6,stop_intersection,False,False,False,16,2,23.936588374582403,1.5085539472663505,False,False
43,D_CONTRACT_SHIELD,7,stop_intersection,False,False,False,10,2,26.83048031517124,1.4842615372095351,False,False
43,D_CONTRACT_SHIELD,8,stop_intersection,False,False,False,18,2,21.09911200161929,1.5070599258964894,False,False
43,D_CONTRACT_SHIELD,9,stop_intersection,False,False,False,13,2,23.35211913871639,1.5061478418035386,False,False
43,D_CONTRACT_SHIELD,10,lead_brake,False,False,True,28,0,20.539369233133975,1.5460088439444957,True,False
43,D_CONTRACT_SHIELD,11,lead_brake,False,False,True,24,0,35.72440873607378,1.4173221637486901,True,False
43,D_CONTRACT_SHIELD,12,lead_brake,False,False,True,22,0,30.276816949908337,1.4545938854591334,True,False
43,D_CONTRACT_SHIELD,13,lead_brake,False,False,True,23,0,27.97727984452306,1.4542365051710453,True,False
43,D_CONTRACT_SHIELD,14,lead_brake,False,False,True,24,0,25.71757116533115,1.491715516035373,True,False
