experiment,split,arm,metric,mean,std_population,seed42,seed17,seed123,ci_low,ci_high
expansion,validation,P0,accuracy,0.4986111111111111,0.0019641855032959585,0.49583333333333335,0.5,0.5,0.4958333333333333,0.5
expansion,validation,P0,guard_violation_rate,0.17916666666666667,0.07272793034214471,0.25,0.07916666666666666,0.20833333333333334,0.1736111111111111,0.18472222222222223
expansion,validation,P0,hold_violation_rate,0.0,0.0,0.0,0.0,0.0,0.0,0.0
expansion,validation,P0,deadlock_rate,0.0,0.0,0.0,0.0,0.0,0.0,0.0
expansion,validation,P0,goal_completion_rate,1.0,0.0,1.0,1.0,1.0,1.0,1.0
expansion,validation,P0,safe_goal_completion_rate,0.8208333333333333,0.07272793034214468,0.75,0.9208333333333333,0.7916666666666666,0.8152777777777777,0.826388888888889
expansion,validation,P0,coverage,1.0,0.0,1.0,1.0,1.0,1.0,1.0
expansion,validation,P0,contract_swap_pair_accuracy,0.0,0.0,0.0,0.0,0.0,0.0,0.0
expansion,validation,P1,accuracy,0.9722222222222222,0.018737135504488963,0.9875,0.9458333333333333,0.9833333333333333,0.9611111111111112,0.9847222222222222
expansion,validation,P1,guard_violation_rate,0.01944444444444444,0.018737135504488946,0.004166666666666667,0.04583333333333333,0.008333333333333333,0.00972222222222222,0.030555555555555558
expansion,validation,P1,hold_violation_rate,0.013888888888888888,0.014163943093313291,0.0,0.03333333333333333,0.008333333333333333,0.005555555555555555,0.02361111111111111
expansion,validation,P1,deadlock_rate,0.0,0.0,0.0,0.0,0.0,0.0,0.0
expansion,validation,P1,goal_completion_rate,1.0,0.0,1.0,1.0,1.0,1.0,1.0
expansion,validation,P1,safe_goal_completion_rate,0.9805555555555556,0.018737135504488932,0.9958333333333333,0.9541666666666667,0.9916666666666667,0.9694444444444444,0.9902777777777778
expansion,validation,P1,coverage,1.0,0.0,1.0,1.0,1.0,1.0,1.0
expansion,validation,P1,contract_swap_pair_accuracy,0.9444444444444445,0.037474271008977864,0.975,0.8916666666666667,0.9666666666666667,0.9222222222222222,0.9694444444444443
expansion,validation,P2,accuracy,0.9819444444444444,0.012880025688188483,0.9708333333333333,1.0,0.975,0.9625,0.9944444444444445
expansion,validation,P2,guard_violation_rate,0.006944444444444444,0.007081971546656646,0.004166666666666667,0.0,0.016666666666666666,0.0027777777777777775,0.01111111111111111
expansion,validation,P2,hold_violation_rate,0.005555555555555556,0.00785674201318386,0.0,0.0,0.016666666666666666,0.0013888888888888887,0.009722222222222224
expansion,validation,P2,deadlock_rate,0.0,0.0,0.0,0.0,0.0,0.0,0.0
expansion,validation,P2,goal_completion_rate,1.0,0.0,1.0,1.0,1.0,1.0,1.0
expansion,validation,P2,safe_goal_completion_rate,0.9930555555555555,0.007081971546656672,0.9958333333333333,1.0,0.9833333333333333,0.9888888888888889,0.9972222222222221
expansion,validation,P2,coverage,1.0,0.0,1.0,1.0,1.0,1.0,1.0
expansion,validation,P2,contract_swap_pair_accuracy,0.9638888888888889,0.025760051376376967,0.9416666666666667,1.0,0.95,0.925,0.9888888888888889
expansion,validation,NATURAL_GUARD,accuracy,0.9875000000000002,0.014829275350043487,0.9666666666666667,1.0,0.9958333333333333,0.9736111111111111,0.9972222222222221
expansion,validation,NATURAL_GUARD,guard_violation_rate,0.005555555555555556,0.00785674201318386,0.016666666666666666,0.0,0.0,0.0013888888888888887,0.009722222222222224
expansion,validation,NATURAL_GUARD,hold_violation_rate,0.005555555555555556,0.00785674201318386,0.016666666666666666,0.0,0.0,0.0013888888888888887,0.009722222222222224
expansion,validation,NATURAL_GUARD,deadlock_rate,0.0,0.0,0.0,0.0,0.0,0.0,0.0
expansion,validation,NATURAL_GUARD,goal_completion_rate,1.0,0.0,1.0,1.0,1.0,1.0,1.0
expansion,validation,NATURAL_GUARD,safe_goal_completion_rate,0.9944444444444445,0.007856742013183886,0.9833333333333333,1.0,1.0,0.9902777777777777,0.9986111111111111
expansion,validation,NATURAL_GUARD,coverage,1.0,0.0,1.0,1.0,1.0,1.0,1.0
expansion,validation,NATURAL_GUARD,contract_swap_pair_accuracy,0.975,0.029658550700086973,0.9333333333333333,1.0,0.9916666666666667,0.9472222222222222,0.9944444444444445
expansion,validation,SHUFFLED_GUARD,accuracy,0.5069444444444444,0.007081971546656672,0.5166666666666667,0.5,0.5041666666666667,0.4930555555555555,0.5222222222222223
expansion,validation,SHUFFLED_GUARD,guard_violation_rate,0.19722222222222222,0.018737135504488946,0.2125,0.17083333333333334,0.20833333333333334,0.1875,0.20555555555555557
expansion,validation,SHUFFLED_GUARD,hold_violation_rate,0.0,0.0,0.0,0.0,0.0,0.0,0.0
expansion,validation,SHUFFLED_GUARD,deadlock_rate,0.0,0.0,0.0,0.0,0.0,0.0,0.0
expansion,validation,SHUFFLED_GUARD,goal_completion_rate,1.0,0.0,1.0,1.0,1.0,1.0,1.0
expansion,validation,SHUFFLED_GUARD,safe_goal_completion_rate,0.8027777777777777,0.018737135504488984,0.7875,0.8291666666666667,0.7916666666666666,0.7944444444444445,0.8125
expansion,validation,SHUFFLED_GUARD,coverage,1.0,0.0,1.0,1.0,1.0,1.0,1.0
expansion,validation,SHUFFLED_GUARD,contract_swap_pair_accuracy,0.036111111111111115,0.014163943093313291,0.041666666666666664,0.05,0.016666666666666666,0.01388888888888889,0.058333333333333334
expansion,validation,LOGIC_GUARD,accuracy,0.9930555555555557,0.003928371006591917,0.9875,0.9958333333333333,0.9958333333333333,0.9888888888888889,0.9972222222222221
expansion,validation,LOGIC_GUARD,guard_violation_rate,0.001388888888888889,0.001964185503295965,0.0,0.0,0.004166666666666667,0.0,0.004166666666666667
expansion,validation,LOGIC_GUARD,hold_violation_rate,0.001388888888888889,0.001964185503295965,0.0,0.0,0.004166666666666667,0.0,0.004166666666666667
expansion,validation,LOGIC_GUARD,deadlock_rate,0.0,0.0,0.0,0.0,0.0,0.0,0.0
expansion,validation,LOGIC_GUARD,goal_completion_rate,1.0,0.0,1.0,1.0,1.0,1.0,1.0
expansion,validation,LOGIC_GUARD,safe_goal_completion_rate,0.9986111111111112,0.0019641855032959585,1.0,1.0,0.9958333333333333,0.9958333333333332,1.0
expansion,validation,LOGIC_GUARD,coverage,1.0,0.0,1.0,1.0,1.0,1.0,1.0
expansion,validation,LOGIC_GUARD,contract_swap_pair_accuracy,0.9861111111111112,0.007856742013183886,0.975,0.9916666666666667,0.9916666666666667,0.9777777777777776,0.9944444444444445
expansion,test,P0,accuracy,0.4986111111111111,0.0019641855032959585,0.49583333333333335,0.5,0.5,0.4958333333333333,0.5
expansion,test,P0,guard_violation_rate,0.19166666666666665,0.058034951154933824,0.25,0.1125,0.2125,0.1791666666666667,0.20555555555555555
expansion,test,P0,hold_violation_rate,0.0,0.0,0.0,0.0,0.0,0.0,0.0
expansion,test,P0,deadlock_rate,0.0,0.0,0.0,0.0,0.0,0.0,0.0
expansion,test,P0,goal_completion_rate,1.0,0.0,1.0,1.0,1.0,1.0,1.0
expansion,test,P0,safe_goal_completion_rate,0.8083333333333332,0.05803495115493381,0.75,0.8875,0.7875,0.7944444444444445,0.8208333333333332
expansion,test,P0,coverage,1.0,0.0,1.0,1.0,1.0,1.0,1.0
expansion,test,P0,contract_swap_pair_accuracy,0.0,0.0,0.0,0.0,0.0,0.0,0.0
expansion,test,P1,accuracy,0.9680555555555556,0.01712337223046941,0.9708333333333333,0.9458333333333333,0.9875,0.9597222222222221,0.9777777777777776
expansion,test,P1,guard_violation_rate,0.013888888888888888,0.01678200829665913,0.0,0.0375,0.004166666666666667,0.009722222222222222,0.018055555555555557
expansion,test,P1,hold_violation_rate,0.012499999999999999,0.01482927535004349,0.0,0.03333333333333333,0.004166666666666667,0.008333333333333333,0.01666666666666667
expansion,test,P1,deadlock_rate,0.0,0.0,0.0,0.0,0.0,0.0,0.0
expansion,test,P1,goal_completion_rate,1.0,0.0,1.0,1.0,1.0,1.0,1.0
expansion,test,P1,safe_goal_completion_rate,0.986111111111111,0.01678200829665912,1.0,0.9625,0.9958333333333333,0.9819444444444445,0.9902777777777777
expansion,test,P1,coverage,1.0,0.0,1.0,1.0,1.0,1.0,1.0
expansion,test,P1,contract_swap_pair_accuracy,0.9361111111111112,0.03424674446093873,0.9416666666666667,0.8916666666666667,0.975,0.9194444444444443,0.9555555555555554
expansion,test,P2,accuracy,0.9805555555555555,0.015340779190537855,0.9625,1.0,0.9791666666666666,0.9666666666666666,0.9916666666666666
expansion,test,P2,guard_violation_rate,0.008333333333333333,0.006804138174397717,0.008333333333333333,0.0,0.016666666666666666,0.0027777777777777775,0.01388888888888889
expansion,test,P2,hold_violation_rate,0.005555555555555556,0.00785674201318386,0.0,0.0,0.016666666666666666,0.0013888888888888887,0.009722222222222224
expansion,test,P2,deadlock_rate,0.0,0.0,0.0,0.0,0.0,0.0,0.0
expansion,test,P2,goal_completion_rate,1.0,0.0,1.0,1.0,1.0,1.0,1.0
expansion,test,P2,safe_goal_completion_rate,0.9916666666666667,0.006804138174397738,0.9916666666666667,1.0,0.9833333333333333,0.986111111111111,0.9972222222222221
expansion,test,P2,coverage,1.0,0.0,1.0,1.0,1.0,1.0,1.0
expansion,test,P2,contract_swap_pair_accuracy,0.9611111111111111,0.030681558381075703,0.925,1.0,0.9583333333333334,0.9333333333333332,0.9833333333333334
expansion,test,NATURAL_GUARD,accuracy,0.9805555555555556,0.01571348402636772,0.9583333333333334,0.9916666666666667,0.9916666666666667,0.9736111111111112,0.986111111111111
expansion,test,NATURAL_GUARD,guard_violation_rate,0.011111111111111112,0.01571348402636772,0.03333333333333333,0.0,0.0,0.006944444444444445,0.01388888888888889
expansion,test,NATURAL_GUARD,hold_violation_rate,0.011111111111111112,0.01571348402636772,0.03333333333333333,0.0,0.0,0.006944444444444445,0.01388888888888889
expansion,test,NATURAL_GUARD,deadlock_rate,0.0,0.0,0.0,0.0,0.0,0.0,0.0
expansion,test,NATURAL_GUARD,goal_completion_rate,1.0,0.0,1.0,1.0,1.0,1.0,1.0
expansion,test,NATURAL_GUARD,safe_goal_completion_rate,0.9888888888888889,0.01571348402636772,0.9666666666666667,1.0,1.0,0.986111111111111,0.9930555555555556
expansion,test,NATURAL_GUARD,coverage,1.0,0.0,1.0,1.0,1.0,1.0,1.0
expansion,test,NATURAL_GUARD,contract_swap_pair_accuracy,0.9611111111111111,0.03142696805273544,0.9166666666666666,0.9833333333333333,0.9833333333333333,0.9472222222222222,0.9722222222222221
expansion,test,SHUFFLED_GUARD,accuracy,0.5055555555555555,0.011947673982003675,0.49166666666666664,0.5208333333333334,0.5041666666666667,0.4972222222222221,0.5125
expansion,test,SHUFFLED_GUARD,guard_violation_rate,0.19722222222222222,0.03823861082760056,0.2375,0.14583333333333334,0.20833333333333334,0.1847222222222222,0.20972222222222223
expansion,test,SHUFFLED_GUARD,hold_violation_rate,0.0,0.0,0.0,0.0,0.0,0.0,0.0
expansion,test,SHUFFLED_GUARD,deadlock_rate,0.0,0.0,0.0,0.0,0.0,0.0,0.0
expansion,test,SHUFFLED_GUARD,goal_completion_rate,1.0,0.0,1.0,1.0,1.0,1.0,1.0
expansion,test,SHUFFLED_GUARD,safe_goal_completion_rate,0.8027777777777777,0.03823861082760057,0.7625,0.8541666666666666,0.7916666666666666,0.7902777777777779,0.8152777777777779
expansion,test,SHUFFLED_GUARD,coverage,1.0,0.0,1.0,1.0,1.0,1.0,1.0
expansion,test,SHUFFLED_GUARD,contract_swap_pair_accuracy,0.03333333333333333,0.035355339059327376,0.008333333333333333,0.08333333333333333,0.008333333333333333,0.019444444444444448,0.04444444444444444
expansion,test,LOGIC_GUARD,accuracy,0.9916666666666667,0.006804138174397738,0.9833333333333333,0.9916666666666667,1.0,0.9875,0.9958333333333333
expansion,test,LOGIC_GUARD,guard_violation_rate,0.001388888888888889,0.001964185503295965,0.0,0.004166666666666667,0.0,0.0,0.004166666666666667
expansion,test,LOGIC_GUARD,hold_violation_rate,0.0,0.0,0.0,0.0,0.0,0.0,0.0
expansion,test,LOGIC_GUARD,deadlock_rate,0.0,0.0,0.0,0.0,0.0,0.0,0.0
expansion,test,LOGIC_GUARD,goal_completion_rate,1.0,0.0,1.0,1.0,1.0,1.0,1.0
expansion,test,LOGIC_GUARD,safe_goal_completion_rate,0.9986111111111112,0.0019641855032959585,1.0,0.9958333333333333,1.0,0.9958333333333332,1.0
expansion,test,LOGIC_GUARD,coverage,1.0,0.0,1.0,1.0,1.0,1.0,1.0
expansion,test,LOGIC_GUARD,contract_swap_pair_accuracy,0.9833333333333334,0.01360827634879543,0.9666666666666667,0.9833333333333333,1.0,0.9749999999999999,0.9916666666666668
expansion,paraphrase,P0,accuracy,0.4986111111111111,0.0019641855032959585,0.49583333333333335,0.5,0.5,0.4958333333333333,0.5
expansion,paraphrase,P0,guard_violation_rate,0.19166666666666665,0.058034951154933824,0.25,0.1125,0.2125,0.1791666666666667,0.20555555555555555
expansion,paraphrase,P0,hold_violation_rate,0.0,0.0,0.0,0.0,0.0,0.0,0.0
expansion,paraphrase,P0,deadlock_rate,0.0,0.0,0.0,0.0,0.0,0.0,0.0
expansion,paraphrase,P0,goal_completion_rate,1.0,0.0,1.0,1.0,1.0,1.0,1.0
expansion,paraphrase,P0,safe_goal_completion_rate,0.8083333333333332,0.05803495115493381,0.75,0.8875,0.7875,0.7944444444444445,0.8208333333333332
expansion,paraphrase,P0,coverage,1.0,0.0,1.0,1.0,1.0,1.0,1.0
expansion,paraphrase,P0,contract_swap_pair_accuracy,0.0,0.0,0.0,0.0,0.0,0.0,0.0
expansion,paraphrase,P1,accuracy,0.9055555555555556,0.040301717023741426,0.8791666666666667,0.875,0.9625,0.8833333333333334,0.9250000000000002
expansion,paraphrase,P1,guard_violation_rate,0.049999999999999996,0.03280836614171588,0.07916666666666666,0.06666666666666667,0.004166666666666667,0.0375,0.061111111111111116
expansion,paraphrase,P1,hold_violation_rate,0.016666666666666666,0.023570226039551587,0.0,0.05,0.0,0.01388888888888889,0.020833333333333332
expansion,paraphrase,P1,deadlock_rate,0.0,0.0,0.0,0.0,0.0,0.0,0.0
expansion,paraphrase,P1,goal_completion_rate,1.0,0.0,1.0,1.0,1.0,1.0,1.0
expansion,paraphrase,P1,safe_goal_completion_rate,0.9499999999999998,0.0328083661417159,0.9208333333333333,0.9333333333333333,0.9958333333333333,0.9388888888888888,0.9625
expansion,paraphrase,P1,coverage,1.0,0.0,1.0,1.0,1.0,1.0,1.0
expansion,paraphrase,P1,contract_swap_pair_accuracy,0.8111111111111112,0.08060343404748285,0.7583333333333333,0.75,0.925,0.7666666666666667,0.85
expansion,paraphrase,P2,accuracy,0.9694444444444444,0.025760051376376946,0.9333333333333333,0.9916666666666667,0.9833333333333333,0.9472222222222223,0.9875
expansion,paraphrase,P2,guard_violation_rate,0.012500000000000002,0.003402069087198858,0.0125,0.008333333333333333,0.016666666666666666,0.006944444444444445,0.01944444444444444
expansion,paraphrase,P2,hold_violation_rate,0.006944444444444444,0.007081971546656646,0.0,0.004166666666666667,0.016666666666666666,0.0027777777777777775,0.01111111111111111
expansion,paraphrase,P2,deadlock_rate,0.0,0.0,0.0,0.0,0.0,0.0,0.0
expansion,paraphrase,P2,goal_completion_rate,1.0,0.0,1.0,1.0,1.0,1.0,1.0
expansion,paraphrase,P2,safe_goal_completion_rate,0.9874999999999999,0.003402069087198892,0.9875,0.9916666666666667,0.9833333333333333,0.9805555555555555,0.9930555555555556
expansion,paraphrase,P2,coverage,1.0,0.0,1.0,1.0,1.0,1.0,1.0
expansion,paraphrase,P2,contract_swap_pair_accuracy,0.938888888888889,0.05152010275275388,0.8666666666666667,0.9833333333333333,0.9666666666666667,0.8944444444444445,0.975
expansion,paraphrase,NATURAL_GUARD,accuracy,0.9388888888888888,0.0411542566389696,0.9208333333333333,0.9,0.9958333333333333,0.9291666666666666,0.9486111111111113
expansion,paraphrase,NATURAL_GUARD,guard_violation_rate,0.0,0.0,0.0,0.0,0.0,0.0,0.0
expansion,paraphrase,NATURAL_GUARD,hold_violation_rate,0.0,0.0,0.0,0.0,0.0,0.0,0.0
expansion,paraphrase,NATURAL_GUARD,deadlock_rate,0.0,0.0,0.0,0.0,0.0,0.0,0.0
expansion,paraphrase,NATURAL_GUARD,goal_completion_rate,1.0,0.0,1.0,1.0,1.0,1.0,1.0
expansion,paraphrase,NATURAL_GUARD,safe_goal_completion_rate,1.0,0.0,1.0,1.0,1.0,1.0,1.0
expansion,paraphrase,NATURAL_GUARD,coverage,1.0,0.0,1.0,1.0,1.0,1.0,1.0
expansion,paraphrase,NATURAL_GUARD,contract_swap_pair_accuracy,0.8777777777777778,0.08230851327793917,0.8416666666666667,0.8,0.9916666666666667,0.8583333333333334,0.8972222222222221
expansion,paraphrase,SHUFFLED_GUARD,accuracy,0.5125000000000001,0.010206207261596585,0.5125,0.525,0.5,0.5013888888888889,0.5208333333333333
expansion,paraphrase,SHUFFLED_GUARD,guard_violation_rate,0.1902777777777778,0.03161057410205845,0.21666666666666667,0.14583333333333334,0.20833333333333334,0.17916666666666667,0.2013888888888889
expansion,paraphrase,SHUFFLED_GUARD,hold_violation_rate,0.0,0.0,0.0,0.0,0.0,0.0,0.0
expansion,paraphrase,SHUFFLED_GUARD,deadlock_rate,0.0,0.0,0.0,0.0,0.0,0.0,0.0
expansion,paraphrase,SHUFFLED_GUARD,goal_completion_rate,1.0,0.0,1.0,1.0,1.0,1.0,1.0
expansion,paraphrase,SHUFFLED_GUARD,safe_goal_completion_rate,0.8097222222222222,0.03161057410205844,0.7833333333333333,0.8541666666666666,0.7916666666666666,0.798611111111111,0.8208333333333334
expansion,paraphrase,SHUFFLED_GUARD,coverage,1.0,0.0,1.0,1.0,1.0,1.0,1.0
expansion,paraphrase,SHUFFLED_GUARD,contract_swap_pair_accuracy,0.03888888888888889,0.030681558381075724,0.041666666666666664,0.075,0.0,0.02777777777777778,0.05
expansion,paraphrase,LOGIC_GUARD,accuracy,0.9916666666666667,0.006804138174397738,0.9833333333333333,0.9916666666666667,1.0,0.9875,0.9958333333333333
expansion,paraphrase,LOGIC_GUARD,guard_violation_rate,0.001388888888888889,0.001964185503295965,0.0,0.004166666666666667,0.0,0.0,0.004166666666666667
expansion,paraphrase,LOGIC_GUARD,hold_violation_rate,0.0,0.0,0.0,0.0,0.0,0.0,0.0
expansion,paraphrase,LOGIC_GUARD,deadlock_rate,0.0,0.0,0.0,0.0,0.0,0.0,0.0
expansion,paraphrase,LOGIC_GUARD,goal_completion_rate,1.0,0.0,1.0,1.0,1.0,1.0,1.0
expansion,paraphrase,LOGIC_GUARD,safe_goal_completion_rate,0.9986111111111112,0.0019641855032959585,1.0,0.9958333333333333,1.0,0.9958333333333332,1.0
expansion,paraphrase,LOGIC_GUARD,coverage,1.0,0.0,1.0,1.0,1.0,1.0,1.0
expansion,paraphrase,LOGIC_GUARD,contract_swap_pair_accuracy,0.9833333333333334,0.01360827634879543,0.9666666666666667,0.9833333333333333,1.0,0.9749999999999999,0.9916666666666668
expansion,unseen_duration,P0,accuracy,0.4986111111111111,0.0019641855032959585,0.49583333333333335,0.5,0.5,0.4958333333333333,0.5
expansion,unseen_duration,P0,guard_violation_rate,0.18472222222222223,0.06511504538739468,0.25,0.09583333333333334,0.20833333333333334,0.1736111111111111,0.19722222222222222
expansion,unseen_duration,P0,hold_violation_rate,0.0,0.0,0.0,0.0,0.0,0.0,0.0
expansion,unseen_duration,P0,deadlock_rate,0.0,0.0,0.0,0.0,0.0,0.0,0.0
expansion,unseen_duration,P0,goal_completion_rate,1.0,0.0,1.0,1.0,1.0,1.0,1.0
expansion,unseen_duration,P0,safe_goal_completion_rate,0.8152777777777778,0.0651150453873947,0.75,0.9041666666666667,0.7916666666666666,0.8027777777777778,0.8263888888888887
expansion,unseen_duration,P0,coverage,1.0,0.0,1.0,1.0,1.0,1.0,1.0
expansion,unseen_duration,P0,contract_swap_pair_accuracy,0.0,0.0,0.0,0.0,0.0,0.0,0.0
expansion,unseen_duration,P1,accuracy,0.9666666666666667,0.02657100898570692,0.9875,0.9291666666666667,0.9833333333333333,0.9569444444444445,0.976388888888889
expansion,unseen_duration,P1,guard_violation_rate,0.022222222222222223,0.02853144247801963,0.0,0.0625,0.004166666666666667,0.01388888888888889,0.03194444444444445
expansion,unseen_duration,P1,hold_violation_rate,0.016666666666666666,0.020693978369099083,0.0,0.04583333333333333,0.004166666666666667,0.01111111111111111,0.02361111111111111
expansion,unseen_duration,P1,deadlock_rate,0.0,0.0,0.0,0.0,0.0,0.0,0.0
expansion,unseen_duration,P1,goal_completion_rate,1.0,0.0,1.0,1.0,1.0,1.0,1.0
expansion,unseen_duration,P1,safe_goal_completion_rate,0.9777777777777779,0.02853144247801964,1.0,0.9375,0.9958333333333333,0.9680555555555556,0.986111111111111
expansion,unseen_duration,P1,coverage,1.0,0.0,1.0,1.0,1.0,1.0,1.0
expansion,unseen_duration,P1,contract_swap_pair_accuracy,0.9333333333333332,0.05314201797141388,0.975,0.8583333333333333,0.9666666666666667,0.9138888888888888,0.9527777777777777
expansion,unseen_duration,P2,accuracy,0.9666666666666667,0.018941919023591488,0.9458333333333333,0.9916666666666667,0.9625,0.9555555555555555,0.9777777777777776
expansion,unseen_duration,P2,guard_violation_rate,0.015277777777777779,0.012880025688188478,0.004166666666666667,0.008333333333333333,0.03333333333333333,0.01111111111111111,0.019444444444444448
expansion,unseen_duration,P2,hold_violation_rate,0.012499999999999999,0.012266334536566455,0.0,0.008333333333333333,0.029166666666666667,0.006944444444444445,0.018055555555555557
expansion,unseen_duration,P2,deadlock_rate,0.0,0.0,0.0,0.0,0.0,0.0,0.0
expansion,unseen_duration,P2,goal_completion_rate,1.0,0.0,1.0,1.0,1.0,1.0,1.0
expansion,unseen_duration,P2,safe_goal_completion_rate,0.9847222222222222,0.012880025688188483,0.9958333333333333,0.9916666666666667,0.9666666666666667,0.9805555555555555,0.9888888888888889
expansion,unseen_duration,P2,coverage,1.0,0.0,1.0,1.0,1.0,1.0,1.0
expansion,unseen_duration,P2,contract_swap_pair_accuracy,0.9333333333333332,0.03788383804718289,0.8916666666666667,0.9833333333333333,0.925,0.9111111111111111,0.9555555555555554
expansion,unseen_duration,NATURAL_GUARD,accuracy,0.986111111111111,0.01093612204723864,0.9708333333333333,0.9916666666666667,0.9958333333333333,0.9791666666666666,0.9916666666666668
expansion,unseen_duration,NATURAL_GUARD,guard_violation_rate,0.005555555555555556,0.00785674201318386,0.016666666666666666,0.0,0.0,0.0013888888888888887,0.009722222222222224
expansion,unseen_duration,NATURAL_GUARD,hold_violation_rate,0.005555555555555556,0.00785674201318386,0.016666666666666666,0.0,0.0,0.0013888888888888887,0.009722222222222224
expansion,unseen_duration,NATURAL_GUARD,deadlock_rate,0.0,0.0,0.0,0.0,0.0,0.0,0.0
expansion,unseen_duration,NATURAL_GUARD,goal_completion_rate,1.0,0.0,1.0,1.0,1.0,1.0,1.0
expansion,unseen_duration,NATURAL_GUARD,safe_goal_completion_rate,0.9944444444444445,0.007856742013183886,0.9833333333333333,1.0,1.0,0.9902777777777777,0.9986111111111111
expansion,unseen_duration,NATURAL_GUARD,coverage,1.0,0.0,1.0,1.0,1.0,1.0,1.0
expansion,unseen_duration,NATURAL_GUARD,contract_swap_pair_accuracy,0.9722222222222222,0.021872244094477262,0.9416666666666667,0.9833333333333333,0.9916666666666667,0.9583333333333333,0.9833333333333334
expansion,unseen_duration,SHUFFLED_GUARD,accuracy,0.5097222222222222,0.01093612204723864,0.5,0.525,0.5041666666666667,0.5,0.5208333333333333
expansion,unseen_duration,SHUFFLED_GUARD,guard_violation_rate,0.18888888888888888,0.040587886656117934,0.22916666666666666,0.13333333333333333,0.20416666666666666,0.17777777777777776,0.20277777777777778
expansion,unseen_duration,SHUFFLED_GUARD,hold_violation_rate,0.0,0.0,0.0,0.0,0.0,0.0,0.0
expansion,unseen_duration,SHUFFLED_GUARD,deadlock_rate,0.0,0.0,0.0,0.0,0.0,0.0,0.0
expansion,unseen_duration,SHUFFLED_GUARD,goal_completion_rate,1.0,0.0,1.0,1.0,1.0,1.0,1.0
expansion,unseen_duration,SHUFFLED_GUARD,safe_goal_completion_rate,0.8111111111111112,0.04058788665611795,0.7708333333333334,0.8666666666666667,0.7958333333333333,0.7972222222222223,0.8222222222222222
expansion,unseen_duration,SHUFFLED_GUARD,coverage,1.0,0.0,1.0,1.0,1.0,1.0,1.0
expansion,unseen_duration,SHUFFLED_GUARD,contract_swap_pair_accuracy,0.03611111111111111,0.027498597046143512,0.016666666666666666,0.075,0.016666666666666666,0.016666666666666666,0.058333333333333334
expansion,unseen_duration,LOGIC_GUARD,accuracy,0.8125,0.22097741630881315,0.9666666666666667,0.9708333333333333,0.5,0.8041666666666668,0.8194444444444444
expansion,unseen_duration,LOGIC_GUARD,guard_violation_rate,0.008333333333333333,0.011785113019775794,0.0,0.025,0.0,0.0027777777777777775,0.01666666666666667
expansion,unseen_duration,LOGIC_GUARD,hold_violation_rate,0.004166666666666667,0.005892556509887897,0.0,0.0125,0.0,0.0013888888888888887,0.008333333333333335
expansion,unseen_duration,LOGIC_GUARD,deadlock_rate,0.0,0.0,0.0,0.0,0.0,0.0,0.0
expansion,unseen_duration,LOGIC_GUARD,goal_completion_rate,1.0,0.0,1.0,1.0,1.0,1.0,1.0
expansion,unseen_duration,LOGIC_GUARD,safe_goal_completion_rate,0.9916666666666667,0.011785113019775804,1.0,0.975,1.0,0.9833333333333332,0.9972222222222221
expansion,unseen_duration,LOGIC_GUARD,coverage,1.0,0.0,1.0,1.0,1.0,1.0,1.0
expansion,unseen_duration,LOGIC_GUARD,contract_swap_pair_accuracy,0.625,0.4419548326176263,0.9333333333333333,0.9416666666666667,0.0,0.6083333333333334,0.638888888888889
cost,canonical,PRE_ADAPTER,accuracy,0.9902777777777777,0.007081971546656657,0.9833333333333333,1.0,0.9875,0.9833333333333332,0.9972222222222221
cost,canonical,PRE_ADAPTER,guard_violation_rate,0.004166666666666667,0.0034020690871988586,0.004166666666666667,0.0,0.008333333333333333,0.0013888888888888887,0.008333333333333335
cost,canonical,PRE_ADAPTER,hold_violation_rate,0.001388888888888889,0.001964185503295965,0.0,0.0,0.004166666666666667,0.0,0.004166666666666667
cost,canonical,PRE_ADAPTER,deadlock_rate,0.0,0.0,0.0,0.0,0.0,0.0,0.0
cost,canonical,PRE_ADAPTER,goal_completion_rate,1.0,0.0,1.0,1.0,1.0,1.0,1.0
cost,canonical,PRE_ADAPTER,safe_goal_completion_rate,0.9958333333333332,0.0034020690871988464,0.9958333333333333,1.0,0.9916666666666667,0.9916666666666666,0.9986111111111111
cost,canonical,PRE_ADAPTER,coverage,1.0,0.0,1.0,1.0,1.0,1.0,1.0
cost,canonical,PRE_ADAPTER,contract_swap_pair_accuracy,0.9805555555555556,0.014163943093313291,0.9666666666666667,1.0,0.975,0.9666666666666666,0.9944444444444442
cost,canonical,PRE_ADAPTER,invalid_rate,0.0,0.0,0.0,0.0,0.0,0.0,0.0
cost,canonical,CE_ONLY,accuracy,0.9916666666666667,0.009001028747788714,1.0,0.9958333333333333,0.9791666666666666,0.986111111111111,0.9972222222222221
cost,canonical,CE_ONLY,guard_violation_rate,0.005555555555555556,0.005196746370519363,0.0,0.004166666666666667,0.0125,0.0,0.012499999999999999
cost,canonical,CE_ONLY,hold_violation_rate,0.004166666666666667,0.0034020690871988586,0.0,0.004166666666666667,0.008333333333333333,0.0,0.01111111111111111
cost,canonical,CE_ONLY,deadlock_rate,0.0,0.0,0.0,0.0,0.0,0.0,0.0
cost,canonical,CE_ONLY,goal_completion_rate,1.0,0.0,1.0,1.0,1.0,1.0,1.0
cost,canonical,CE_ONLY,safe_goal_completion_rate,0.9944444444444445,0.005196746370519345,1.0,0.9958333333333333,0.9875,0.9875,1.0
cost,canonical,CE_ONLY,coverage,1.0,0.0,1.0,1.0,1.0,1.0,1.0
cost,canonical,CE_ONLY,contract_swap_pair_accuracy,0.9833333333333334,0.018002057495577376,1.0,0.9916666666666667,0.9583333333333334,0.972222222222222,0.9944444444444445
cost,canonical,CE_ONLY,invalid_rate,0.0,0.0,0.0,0.0,0.0,0.0,0.0
cost,canonical,CE_EBLC,accuracy,0.9833333333333334,0.018002057495577376,0.9583333333333334,1.0,0.9916666666666667,0.9694444444444444,0.9944444444444445
cost,canonical,CE_EBLC,guard_violation_rate,0.0,0.0,0.0,0.0,0.0,0.0,0.0
cost,canonical,CE_EBLC,hold_violation_rate,0.0,0.0,0.0,0.0,0.0,0.0,0.0
cost,canonical,CE_EBLC,deadlock_rate,0.0,0.0,0.0,0.0,0.0,0.0,0.0
cost,canonical,CE_EBLC,goal_completion_rate,1.0,0.0,1.0,1.0,1.0,1.0,1.0
cost,canonical,CE_EBLC,safe_goal_completion_rate,1.0,0.0,1.0,1.0,1.0,1.0,1.0
cost,canonical,CE_EBLC,coverage,1.0,0.0,1.0,1.0,1.0,1.0,1.0
cost,canonical,CE_EBLC,contract_swap_pair_accuracy,0.9666666666666667,0.03600411499115479,0.9166666666666666,1.0,0.9833333333333333,0.9388888888888888,0.9888888888888889
cost,canonical,CE_EBLC,invalid_rate,0.0,0.0,0.0,0.0,0.0,0.0,0.0
cost,paraphrase,PRE_ADAPTER,accuracy,0.9597222222222221,0.02078698548207747,0.9375,0.9541666666666667,0.9875,0.9430555555555555,0.976388888888889
cost,paraphrase,PRE_ADAPTER,guard_violation_rate,0.01944444444444444,0.018737135504488946,0.004166666666666667,0.04583333333333333,0.008333333333333333,0.00972222222222222,0.030555555555555558
cost,paraphrase,PRE_ADAPTER,hold_violation_rate,0.011111111111111112,0.010393492741038728,0.0,0.025,0.008333333333333333,0.004166666666666667,0.019444444444444445
cost,paraphrase,PRE_ADAPTER,deadlock_rate,0.0,0.0,0.0,0.0,0.0,0.0,0.0
cost,paraphrase,PRE_ADAPTER,goal_completion_rate,1.0,0.0,1.0,1.0,1.0,1.0,1.0
cost,paraphrase,PRE_ADAPTER,safe_goal_completion_rate,0.9805555555555556,0.018737135504488932,0.9958333333333333,0.9541666666666667,0.9916666666666667,0.9694444444444443,0.9902777777777778
cost,paraphrase,PRE_ADAPTER,coverage,1.0,0.0,1.0,1.0,1.0,1.0,1.0
cost,paraphrase,PRE_ADAPTER,contract_swap_pair_accuracy,0.9194444444444444,0.0415739709641549,0.875,0.9083333333333333,0.975,0.8861111111111111,0.9527777777777777
cost,paraphrase,PRE_ADAPTER,invalid_rate,0.0,0.0,0.0,0.0,0.0,0.0,0.0
cost,paraphrase,CE_ONLY,accuracy,0.9763888888888889,0.01374929852307175,0.9916666666666667,0.9791666666666666,0.9583333333333334,0.9666666666666666,0.986111111111111
cost,paraphrase,CE_ONLY,guard_violation_rate,0.018055555555555557,0.00856168611523469,0.008333333333333333,0.016666666666666666,0.029166666666666667,0.012499999999999999,0.025
cost,paraphrase,CE_ONLY,hold_violation_rate,0.016666666666666666,0.006804138174397718,0.008333333333333333,0.016666666666666666,0.025,0.01111111111111111,0.02361111111111111
cost,paraphrase,CE_ONLY,deadlock_rate,0.0,0.0,0.0,0.0,0.0,0.0,0.0
cost,paraphrase,CE_ONLY,goal_completion_rate,1.0,0.0,1.0,1.0,1.0,1.0,1.0
cost,paraphrase,CE_ONLY,safe_goal_completion_rate,0.9819444444444444,0.008561686115234701,0.9916666666666667,0.9833333333333333,0.9708333333333333,0.975,0.9875
cost,paraphrase,CE_ONLY,coverage,1.0,0.0,1.0,1.0,1.0,1.0,1.0
cost,paraphrase,CE_ONLY,contract_swap_pair_accuracy,0.9527777777777778,0.027498597046143512,0.9833333333333333,0.9583333333333334,0.9166666666666666,0.9333333333333332,0.9722222222222221
cost,paraphrase,CE_ONLY,invalid_rate,0.0,0.0,0.0,0.0,0.0,0.0,0.0
cost,paraphrase,CE_EBLC,accuracy,0.9625,0.025685058345704066,0.9583333333333334,0.9958333333333333,0.9333333333333333,0.9361111111111112,0.9819444444444445
cost,paraphrase,CE_EBLC,guard_violation_rate,0.001388888888888889,0.001964185503295965,0.0,0.004166666666666667,0.0,0.0,0.004166666666666667
cost,paraphrase,CE_EBLC,hold_violation_rate,0.0,0.0,0.0,0.0,0.0,0.0,0.0
cost,paraphrase,CE_EBLC,deadlock_rate,0.0,0.0,0.0,0.0,0.0,0.0,0.0
cost,paraphrase,CE_EBLC,goal_completion_rate,1.0,0.0,1.0,1.0,1.0,1.0,1.0
cost,paraphrase,CE_EBLC,safe_goal_completion_rate,0.9986111111111112,0.0019641855032959585,1.0,0.9958333333333333,1.0,0.9958333333333332,1.0
cost,paraphrase,CE_EBLC,coverage,1.0,0.0,1.0,1.0,1.0,1.0,1.0
cost,paraphrase,CE_EBLC,contract_swap_pair_accuracy,0.9249999999999999,0.051370116691408146,0.9166666666666666,0.9916666666666667,0.8666666666666667,0.8722222222222223,0.9638888888888889
cost,paraphrase,CE_EBLC,invalid_rate,0.0,0.0,0.0,0.0,0.0,0.0,0.0
cost,unseen_duration,PRE_ADAPTER,accuracy,0.9694444444444446,0.018737135504488932,0.9541666666666667,0.9958333333333333,0.9583333333333334,0.9597222222222224,0.9791666666666667
cost,unseen_duration,PRE_ADAPTER,guard_violation_rate,0.015277777777777779,0.012880025688188478,0.008333333333333333,0.004166666666666667,0.03333333333333333,0.00972222222222222,0.020833333333333336
cost,unseen_duration,PRE_ADAPTER,hold_violation_rate,0.009722222222222222,0.010936122047238627,0.0,0.004166666666666667,0.025,0.004166666666666667,0.015277777777777779
cost,unseen_duration,PRE_ADAPTER,deadlock_rate,0.0,0.0,0.0,0.0,0.0,0.0,0.0
cost,unseen_duration,PRE_ADAPTER,goal_completion_rate,1.0,0.0,1.0,1.0,1.0,1.0,1.0
cost,unseen_duration,PRE_ADAPTER,safe_goal_completion_rate,0.9847222222222222,0.012880025688188483,0.9916666666666667,0.9958333333333333,0.9666666666666667,0.9791666666666667,0.9902777777777778
cost,unseen_duration,PRE_ADAPTER,coverage,1.0,0.0,1.0,1.0,1.0,1.0,1.0
cost,unseen_duration,PRE_ADAPTER,contract_swap_pair_accuracy,0.9388888888888888,0.03747427100897792,0.9083333333333333,0.9916666666666667,0.9166666666666666,0.9194444444444443,0.9583333333333334
cost,unseen_duration,PRE_ADAPTER,invalid_rate,0.0,0.0,0.0,0.0,0.0,0.0,0.0
cost,unseen_duration,CE_ONLY,accuracy,0.9861111111111112,0.008561686115234708,0.9958333333333333,0.9875,0.975,0.9791666666666666,0.9944444444444442
cost,unseen_duration,CE_ONLY,guard_violation_rate,0.012500000000000002,0.010206207261596576,0.0,0.0125,0.025,0.005555555555555555,0.019444444444444448
cost,unseen_duration,CE_ONLY,hold_violation_rate,0.009722222222222222,0.007081971546656646,0.0,0.0125,0.016666666666666666,0.0027777777777777775,0.01666666666666667
cost,unseen_duration,CE_ONLY,deadlock_rate,0.0,0.0,0.0,0.0,0.0,0.0,0.0
cost,unseen_duration,CE_ONLY,goal_completion_rate,1.0,0.0,1.0,1.0,1.0,1.0,1.0
cost,unseen_duration,CE_ONLY,safe_goal_completion_rate,0.9874999999999999,0.010206207261596585,1.0,0.9875,0.975,0.9805555555555555,0.9944444444444445
cost,unseen_duration,CE_ONLY,coverage,1.0,0.0,1.0,1.0,1.0,1.0,1.0
cost,unseen_duration,CE_ONLY,contract_swap_pair_accuracy,0.9722222222222223,0.01712337223046941,0.9916666666666667,0.975,0.95,0.9583333333333333,0.9888888888888887
cost,unseen_duration,CE_ONLY,invalid_rate,0.0,0.0,0.0,0.0,0.0,0.0,0.0
cost,unseen_duration,CE_EBLC,accuracy,0.9888888888888889,0.007856742013183886,0.9833333333333333,1.0,0.9833333333333333,0.9777777777777779,0.9972916666666662
cost,unseen_duration,CE_EBLC,guard_violation_rate,0.001388888888888889,0.001964185503295965,0.0,0.0,0.004166666666666667,0.0,0.004166666666666667
cost,unseen_duration,CE_EBLC,hold_violation_rate,0.0,0.0,0.0,0.0,0.0,0.0,0.0
cost,unseen_duration,CE_EBLC,deadlock_rate,0.0,0.0,0.0,0.0,0.0,0.0,0.0
cost,unseen_duration,CE_EBLC,goal_completion_rate,1.0,0.0,1.0,1.0,1.0,1.0,1.0
cost,unseen_duration,CE_EBLC,safe_goal_completion_rate,0.9986111111111112,0.0019641855032959585,1.0,1.0,0.9958333333333333,0.9958333333333332,1.0
cost,unseen_duration,CE_EBLC,coverage,1.0,0.0,1.0,1.0,1.0,1.0,1.0
cost,unseen_duration,CE_EBLC,contract_swap_pair_accuracy,0.9777777777777779,0.01571348402636772,0.9666666666666667,1.0,0.9666666666666667,0.9555555555555554,0.9945833333333326
cost,unseen_duration,CE_EBLC,invalid_rate,0.0,0.0,0.0,0.0,0.0,0.0,0.0
