seed,variant,stress_type,episodes,unsafe_rate,forbidden_entry_rate,collision_rate,completion_rate,mean_progress_m,mean_interventions,mean_abs_jerk
42,A_STATE,crosswalk_reentry,100,0.68,0.35,0.68,1.0,23.793928029611706,0.0,2.038558430012141
42,A_STATE,crosswalk_reocclusion,100,0.33,0.33,0.0,1.0,24.292813925746856,0.0,1.8899458704545389
42,A_STATE,stop_cross_traffic_reappearance,100,0.11,0.11,0.11,1.0,26.55157242350049,0.0,1.5022372759551117
42,A_STATE,stop_reocclusion,100,0.46,0.46,0.0,1.0,25.347792180598866,0.0,1.4499124056060209
42,B_COC,crosswalk_reentry,100,0.95,0.16,0.95,1.0,23.91221707831135,0.0,1.850902509750886
42,B_COC,crosswalk_reocclusion,100,0.13,0.13,0.0,1.0,24.39154078162963,0.0,1.6104510930805906
42,B_COC,stop_cross_traffic_reappearance,100,0.11,0.11,0.11,1.0,26.49016573572356,0.0,1.3969812258724559
42,B_COC,stop_reocclusion,100,0.52,0.52,0.0,1.0,25.282702860164093,0.0,1.3505932818907278
42,C2_PHASE_CONTRACT,crosswalk_reentry,100,0.55,0.4,0.55,1.0,23.94511575289514,0.0,2.4533269333799343
42,C2_PHASE_CONTRACT,crosswalk_reocclusion,100,0.15,0.15,0.0,1.0,24.29421342757254,0.0,2.713775274877547
42,C2_PHASE_CONTRACT,stop_cross_traffic_reappearance,100,0.57,0.57,0.52,1.0,26.632576965137186,0.0,1.6725309513151148
42,C2_PHASE_CONTRACT,stop_reocclusion,100,0.26,0.26,0.0,1.0,25.224778695612176,0.0,1.9184079900959359
42,C_CONTRACT,crosswalk_reentry,100,0.56,0.43,0.56,1.0,23.96445144644804,0.0,2.6049527610004044
42,C_CONTRACT,crosswalk_reocclusion,100,0.13,0.13,0.0,1.0,24.262397648677663,0.0,2.8014184225574272
42,C_CONTRACT,stop_cross_traffic_reappearance,100,0.0,0.0,0.0,1.0,26.72179862558403,0.0,2.126717397194158
42,C_CONTRACT,stop_reocclusion,100,0.02,0.02,0.0,1.0,25.327538059373797,0.0,2.540244370625224
42,C_STALE_CONTRACT_0P4,crosswalk_reentry,100,0.52,0.52,0.52,1.0,23.94899008651641,0.0,2.7905360906796535
42,C_STALE_CONTRACT_0P4,crosswalk_reocclusion,100,0.65,0.65,0.0,1.0,24.30427703826974,0.0,2.8007270705087834
42,C_STALE_CONTRACT_0P4,stop_cross_traffic_reappearance,100,0.55,0.55,0.55,1.0,26.497090293254036,0.0,2.442637352489629
42,C_STALE_CONTRACT_0P4,stop_reocclusion,100,0.28,0.28,0.0,1.0,25.30144906877488,0.0,2.5010980717634017
42,D_CORRECT_CONTRACT,crosswalk_reentry,100,0.06,0.06,0.06,1.0,23.971359859459625,10.12,2.7843040469831886
42,D_CORRECT_CONTRACT,crosswalk_reocclusion,100,0.1,0.1,0.0,1.0,24.27495197777456,6.52,2.8762373280526448
42,D_CORRECT_CONTRACT,stop_cross_traffic_reappearance,100,0.0,0.0,0.0,1.0,26.388997864525276,9.18,2.6925456525571296
42,D_CORRECT_CONTRACT,stop_reocclusion,100,0.06,0.06,0.0,1.0,25.278924088806043,10.6,2.6855548402189204
42,D_ORACLE_LOOKAHEAD_0P8,crosswalk_reentry,100,0.0,0.0,0.0,1.0,23.847523753106262,5.98,2.0594948860970077
42,D_ORACLE_LOOKAHEAD_0P8,crosswalk_reocclusion,100,0.0,0.0,0.0,1.0,24.035180571480765,6.26,2.5325373840191854
42,D_ORACLE_LOOKAHEAD_0P8,stop_cross_traffic_reappearance,100,0.0,0.0,0.0,1.0,26.354926486609017,6.18,1.6288249633760616
42,D_ORACLE_LOOKAHEAD_0P8,stop_reocclusion,100,0.0,0.0,0.0,1.0,25.0222833668568,8.39,2.342954870929201
42,D_ORACLE_LOOKAHEAD_1P2,crosswalk_reentry,100,0.0,0.0,0.0,1.0,23.84752176890598,6.15,1.9544638059926394
42,D_ORACLE_LOOKAHEAD_1P2,crosswalk_reocclusion,100,0.0,0.0,0.0,1.0,23.997668249562174,5.78,2.381784756229757
42,D_ORACLE_LOOKAHEAD_1P2,stop_cross_traffic_reappearance,100,0.0,0.0,0.0,1.0,26.354950681857694,6.33,1.4656565855232173
42,D_ORACLE_LOOKAHEAD_1P2,stop_reocclusion,100,0.0,0.0,0.0,1.0,25.01316863291852,7.96,2.1357937021482
42,D_SHARED_SENSOR_LAG_0P4,crosswalk_reentry,100,0.0,0.0,0.0,1.0,23.914923762927412,9.09,2.6783633757989316
42,D_SHARED_SENSOR_LAG_0P4,crosswalk_reocclusion,100,0.38,0.38,0.0,1.0,24.260542861196583,7.7,2.8084608184897344
42,D_SHARED_SENSOR_LAG_0P4,stop_cross_traffic_reappearance,100,0.54,0.54,0.54,1.0,26.567845438042262,11.94,2.5991366261050657
42,D_SHARED_SENSOR_LAG_0P4,stop_reocclusion,100,0.34,0.34,0.0,1.0,25.323705031189224,11.12,2.637194817510419
42,D_STALE_CONTRACT_0P4,crosswalk_reentry,100,0.0,0.0,0.0,1.0,23.91528741520748,9.1,2.6783576408440406
42,D_STALE_CONTRACT_0P4,crosswalk_reocclusion,100,0.38,0.38,0.0,1.0,24.30896726983575,7.72,2.81016195282192
42,D_STALE_CONTRACT_0P4,stop_cross_traffic_reappearance,100,0.53,0.53,0.53,1.0,26.566604362073573,11.92,2.5998940430034163
42,D_STALE_CONTRACT_0P4,stop_reocclusion,100,0.34,0.34,0.0,1.0,25.306369996166755,11.17,2.6465755082886826
43,A_STATE,crosswalk_reentry,100,0.99,0.18,0.99,1.0,23.904211586650728,0.0,1.9987648977156827
43,A_STATE,crosswalk_reocclusion,100,0.16,0.16,0.0,1.0,24.39242547241347,0.0,1.7613138527720082
43,A_STATE,stop_cross_traffic_reappearance,100,0.17,0.17,0.16,1.0,26.793563652528434,0.0,1.480861129364909
43,A_STATE,stop_reocclusion,100,0.47,0.47,0.0,1.0,25.22249254453568,0.0,1.65343325803049
43,B_COC,crosswalk_reentry,100,0.68,0.37,0.68,1.0,23.912819374708647,0.0,1.9474846011932112
43,B_COC,crosswalk_reocclusion,100,0.34,0.34,0.0,1.0,24.370052881448256,0.0,1.6381322489883772
43,B_COC,stop_cross_traffic_reappearance,100,0.49,0.49,0.49,1.0,26.638797172305132,0.0,1.4487673728783605
43,B_COC,stop_reocclusion,100,0.46,0.46,0.0,1.0,25.657956296110974,0.0,1.3781438554867893
43,C2_PHASE_CONTRACT,crosswalk_reentry,100,0.23,0.17,0.23,1.0,23.980815278430114,0.0,2.5782468075498177
43,C2_PHASE_CONTRACT,crosswalk_reocclusion,100,0.13,0.13,0.0,1.0,24.244166016886425,0.0,2.683312625284972
43,C2_PHASE_CONTRACT,stop_cross_traffic_reappearance,100,0.81,0.81,0.8,1.0,26.60478115251788,0.0,1.7917650190965344
43,C2_PHASE_CONTRACT,stop_reocclusion,100,0.38,0.38,0.0,1.0,25.27960927939318,0.0,1.9584363568097616
43,C_CONTRACT,crosswalk_reentry,100,0.32,0.24,0.32,1.0,23.98308371481177,0.0,2.520584583348862
43,C_CONTRACT,crosswalk_reocclusion,100,0.1,0.1,0.0,1.0,24.291578054072165,0.0,2.7330231998653516
43,C_CONTRACT,stop_cross_traffic_reappearance,100,0.48,0.48,0.42,1.0,26.584461227273795,0.0,1.9458102601465594
43,C_CONTRACT,stop_reocclusion,100,0.29,0.29,0.0,1.0,25.27976983389931,0.0,2.360503627673962
43,C_STALE_CONTRACT_0P4,crosswalk_reentry,100,0.21,0.21,0.21,1.0,24.0259101800601,0.0,2.538440491166222
43,C_STALE_CONTRACT_0P4,crosswalk_reocclusion,100,0.55,0.55,0.0,1.0,24.31862363835124,0.0,3.1746311561240375
43,C_STALE_CONTRACT_0P4,stop_cross_traffic_reappearance,100,0.88,0.88,0.87,1.0,26.51142802829279,0.0,2.147692047441327
43,C_STALE_CONTRACT_0P4,stop_reocclusion,100,0.38,0.38,0.0,1.0,25.12021391216712,0.0,2.8386072674149996
43,D_CORRECT_CONTRACT,crosswalk_reentry,100,0.04,0.04,0.04,1.0,23.93573896817695,9.58,2.786879385092309
43,D_CORRECT_CONTRACT,crosswalk_reocclusion,100,0.04,0.04,0.0,1.0,24.27580317269399,7.89,2.9188509212611065
43,D_CORRECT_CONTRACT,stop_cross_traffic_reappearance,100,0.02,0.02,0.02,1.0,26.70502962663629,13.65,2.700517285636627
43,D_CORRECT_CONTRACT,stop_reocclusion,100,0.03,0.03,0.0,1.0,25.336931248574242,12.76,2.7143219468360336
43,D_ORACLE_LOOKAHEAD_0P8,crosswalk_reentry,100,0.0,0.0,0.0,1.0,23.81720014144733,5.95,2.150786225965593
43,D_ORACLE_LOOKAHEAD_0P8,crosswalk_reocclusion,100,0.0,0.0,0.0,1.0,24.288239687181886,6.37,2.1850163274214416
43,D_ORACLE_LOOKAHEAD_0P8,stop_cross_traffic_reappearance,100,0.0,0.0,0.0,1.0,26.601248264108282,17.29,1.9065781165804723
43,D_ORACLE_LOOKAHEAD_0P8,stop_reocclusion,100,0.0,0.0,0.0,1.0,25.306240325670128,16.71,2.4495680753771087
43,D_ORACLE_LOOKAHEAD_1P2,crosswalk_reentry,100,0.0,0.0,0.0,1.0,23.817204433304614,6.05,2.117022283600361
43,D_ORACLE_LOOKAHEAD_1P2,crosswalk_reocclusion,100,0.0,0.0,0.0,1.0,24.280591819140394,5.81,1.8488278992079004
43,D_ORACLE_LOOKAHEAD_1P2,stop_cross_traffic_reappearance,100,0.0,0.0,0.0,1.0,26.601475632957946,17.71,1.4141284755517411
43,D_ORACLE_LOOKAHEAD_1P2,stop_reocclusion,100,0.0,0.0,0.0,1.0,25.300641332992004,18.19,2.179704204027455
43,D_SHARED_SENSOR_LAG_0P4,crosswalk_reentry,100,0.0,0.0,0.0,1.0,23.89084283115189,8.67,2.6761523640628515
43,D_SHARED_SENSOR_LAG_0P4,crosswalk_reocclusion,100,0.36,0.36,0.0,1.0,24.338525280941703,8.83,2.8260364451028166
43,D_SHARED_SENSOR_LAG_0P4,stop_cross_traffic_reappearance,100,0.71,0.71,0.71,1.0,26.724610775242773,13.7,2.62021421537335
43,D_SHARED_SENSOR_LAG_0P4,stop_reocclusion,100,0.37,0.37,0.0,1.0,25.32514683702358,12.84,2.669995728871275
43,D_STALE_CONTRACT_0P4,crosswalk_reentry,100,0.0,0.0,0.0,1.0,24.03224765739422,8.78,2.6909765961992997
43,D_STALE_CONTRACT_0P4,crosswalk_reocclusion,100,0.36,0.36,0.0,1.0,24.324763657601824,9.04,2.92826710564541
43,D_STALE_CONTRACT_0P4,stop_cross_traffic_reappearance,100,0.71,0.71,0.71,1.0,26.721254867488373,13.69,2.6201145663955883
43,D_STALE_CONTRACT_0P4,stop_reocclusion,100,0.37,0.37,0.0,1.0,25.33389315614356,12.85,2.6697443922945125
44,A_STATE,crosswalk_reentry,100,0.99,0.25,0.99,1.0,23.951810599351525,0.0,1.9092747338439133
44,A_STATE,crosswalk_reocclusion,100,0.22,0.22,0.0,1.0,24.39397239033159,0.0,1.6938071627863076
44,A_STATE,stop_cross_traffic_reappearance,100,0.3,0.3,0.26,1.0,26.60213208425879,0.0,1.3853311541215008
44,A_STATE,stop_reocclusion,100,0.71,0.71,0.0,1.0,25.068886987224303,0.0,1.391154509992478
44,B_COC,crosswalk_reentry,100,0.96,0.36,0.96,1.0,23.8193605247905,0.0,1.8404392678461745
44,B_COC,crosswalk_reocclusion,100,0.27,0.27,0.0,1.0,24.36644220356426,0.0,1.6662742091101828
44,B_COC,stop_cross_traffic_reappearance,100,0.08,0.08,0.08,1.0,26.728415926234653,0.0,1.4029052966402358
44,B_COC,stop_reocclusion,100,0.84,0.84,0.0,1.0,25.202608133887843,0.0,1.3465142248178252
44,C2_PHASE_CONTRACT,crosswalk_reentry,100,0.23,0.18,0.23,1.0,23.921660726069913,0.0,2.4723819966409994
44,C2_PHASE_CONTRACT,crosswalk_reocclusion,100,0.1,0.1,0.0,1.0,24.250329886680834,0.0,2.675817528345245
44,C2_PHASE_CONTRACT,stop_cross_traffic_reappearance,100,0.8,0.8,0.78,1.0,26.65265768965563,0.0,1.771561118308455
44,C2_PHASE_CONTRACT,stop_reocclusion,100,0.34,0.34,0.0,1.0,25.28298483552852,0.0,1.9758866316756083
44,C_CONTRACT,crosswalk_reentry,100,0.29,0.23,0.29,1.0,23.96299880209837,0.0,2.595203636284657
44,C_CONTRACT,crosswalk_reocclusion,100,0.12,0.12,0.0,1.0,24.26412817331756,0.0,2.770691749597579
44,C_CONTRACT,stop_cross_traffic_reappearance,100,0.13,0.13,0.13,1.0,26.656107168664395,0.0,2.000885898553038
44,C_CONTRACT,stop_reocclusion,100,0.13,0.13,0.0,1.0,25.36642456290901,0.0,2.4175929277660173
44,C_STALE_CONTRACT_0P4,crosswalk_reentry,100,0.02,0.02,0.02,1.0,23.943304222467617,0.0,2.443066743036987
44,C_STALE_CONTRACT_0P4,crosswalk_reocclusion,100,0.56,0.56,0.0,1.0,24.234825100482993,0.0,2.7650881905096067
44,C_STALE_CONTRACT_0P4,stop_cross_traffic_reappearance,100,0.81,0.81,0.81,1.0,26.62179688739976,0.0,2.328342290542671
44,C_STALE_CONTRACT_0P4,stop_reocclusion,100,0.36,0.36,0.0,1.0,25.41700794739828,0.0,2.5265923716442584
44,D_CORRECT_CONTRACT,crosswalk_reentry,100,0.08,0.08,0.08,1.0,23.940028717888723,8.84,2.7206459091640447
44,D_CORRECT_CONTRACT,crosswalk_reocclusion,100,0.08,0.08,0.0,1.0,24.250240768442442,5.88,2.8035850095016395
44,D_CORRECT_CONTRACT,stop_cross_traffic_reappearance,100,0.02,0.02,0.02,1.0,26.632988625101202,12.18,2.699342305621475
44,D_CORRECT_CONTRACT,stop_reocclusion,100,0.05,0.05,0.0,1.0,25.30981948212435,12.02,2.71219887269014
44,D_ORACLE_LOOKAHEAD_0P8,crosswalk_reentry,100,0.0,0.0,0.0,1.0,23.7795627129574,5.08,2.1483482246611434
44,D_ORACLE_LOOKAHEAD_0P8,crosswalk_reocclusion,100,0.01,0.01,0.0,1.0,24.059751853464707,5.51,2.4677442611942637
44,D_ORACLE_LOOKAHEAD_0P8,stop_cross_traffic_reappearance,100,0.0,0.0,0.0,1.0,26.524875836484913,9.38,1.8897624433987712
44,D_ORACLE_LOOKAHEAD_0P8,stop_reocclusion,100,0.0,0.0,0.0,1.0,25.224051579031723,12.37,2.457050717856693
44,D_ORACLE_LOOKAHEAD_1P2,crosswalk_reentry,100,0.0,0.0,0.0,1.0,23.77956289094223,5.17,2.0651540392307433
44,D_ORACLE_LOOKAHEAD_1P2,crosswalk_reocclusion,100,0.0,0.0,0.0,1.0,24.02735303715487,5.1,2.3414971203201422
44,D_ORACLE_LOOKAHEAD_1P2,stop_cross_traffic_reappearance,100,0.0,0.0,0.0,1.0,26.525238965391853,9.82,1.3963535564576326
44,D_ORACLE_LOOKAHEAD_1P2,stop_reocclusion,100,0.0,0.0,0.0,1.0,25.218480158871934,12.29,2.156385521255335
44,D_SHARED_SENSOR_LAG_0P4,crosswalk_reentry,100,0.0,0.0,0.0,1.0,23.871952186712004,7.84,2.6512525716052857
44,D_SHARED_SENSOR_LAG_0P4,crosswalk_reocclusion,100,0.39,0.39,0.0,1.0,24.28760706475583,6.8,2.757085980387325
44,D_SHARED_SENSOR_LAG_0P4,stop_cross_traffic_reappearance,100,0.72,0.72,0.72,1.0,26.72410666558632,13.51,2.6143487312539615
44,D_SHARED_SENSOR_LAG_0P4,stop_reocclusion,100,0.38,0.38,0.0,1.0,25.321803422503955,12.44,2.6687549027021937
44,D_STALE_CONTRACT_0P4,crosswalk_reentry,100,0.0,0.0,0.0,1.0,23.87774513887798,7.87,2.6517413039154705
44,D_STALE_CONTRACT_0P4,crosswalk_reocclusion,100,0.39,0.39,0.0,1.0,24.261254276785262,6.84,2.7775731073754546
44,D_STALE_CONTRACT_0P4,stop_cross_traffic_reappearance,100,0.71,0.71,0.71,1.0,26.71979199826808,13.52,2.614519671875268
44,D_STALE_CONTRACT_0P4,stop_reocclusion,100,0.38,0.38,0.0,1.0,25.321673813383335,12.29,2.669650416665296
