variant,stress_type,seeds,unsafe_rate_mean,unsafe_rate_std,forbidden_entry_rate_mean,forbidden_entry_rate_std,collision_rate_mean,collision_rate_std,completion_rate_mean,completion_rate_std,mean_progress_m_mean,mean_progress_m_std,mean_interventions_mean,mean_interventions_std,mean_abs_jerk_mean,mean_abs_jerk_std
A_STATE,crosswalk_reentry,3,0.8866666666666667,0.17897858344878395,0.26,0.0854400374531753,0.8866666666666667,0.17897858344878395,1.0,0.0,23.883316738537985,0.08098871813501612,0.0,0.0,1.982199353857246,0.06621466194298667
A_STATE,stop_cross_traffic_reappearance,3,0.19333333333333336,0.09712534856222309,0.19333333333333336,0.09712534856222309,0.17666666666666667,0.07637626158259735,1.0,0.0,26.64908938676257,0.1276466996261054,0.0,0.0,1.4561431864805072,0.062249440606893684
A_STATE,crosswalk_reocclusion,3,0.23666666666666666,0.0862167810425171,0.23666666666666666,0.0862167810425171,0.0,0.0,1.0,0.0,24.359737262830638,0.05796247082020944,0.0,0.0,1.781688962004285,0.0996441517030045
A_STATE,stop_reocclusion,3,0.5466666666666666,0.1415391583037476,0.5466666666666666,0.1415391583037476,0.0,0.0,1.0,0.0,25.213057237452947,0.13969178747383323,0.0,0.0,1.4981667245429964,0.13763682243553232
A_STATE,ALL,3,0.4658333333333333,0.0815603048874471,0.30916666666666665,0.06256663114898654,0.2658333333333333,0.06048415770541351,1.0,0.0,25.026300156396037,0.04508703198667873,0.0,0.0,1.6795495567212584,0.07333574326666366
B_COC,crosswalk_reentry,3,0.8633333333333333,0.15885003409925136,0.2966666666666667,0.11846237095944573,0.8633333333333333,0.15885003409925136,1.0,0.0,23.881465659270166,0.0537854672452564,0.0,0.0,1.8796087929300906,0.059014522520461556
B_COC,stop_cross_traffic_reappearance,3,0.22666666666666666,0.22854612955229262,0.22666666666666666,0.22854612955229262,0.22666666666666666,0.22854612955229262,1.0,0.0,26.619126278087787,0.12033701167606559,0.0,0.0,1.4162179651303506,0.028343810826617282
B_COC,crosswalk_reocclusion,3,0.24666666666666667,0.10692676621563628,0.24666666666666667,0.10692676621563628,0.0,0.0,1.0,0.0,24.376011955547384,0.013568993268293717,0.0,0.0,1.6382858503930502,0.02791187499715782
B_COC,stop_reocclusion,3,0.6066666666666666,0.20428737928059412,0.6066666666666666,0.20428737928059412,0.0,0.0,1.0,0.0,25.38108909672097,0.24309540486785258,0.0,0.0,1.3584171207317806,0.017205165640639588
B_COC,ALL,3,0.48583333333333334,0.05530220007679016,0.3441666666666667,0.09982275959586234,0.2725,0.017499999999999984,1.0,0.0,25.064423247406577,0.0698813865860263,0.0,0.0,1.573132432296318,0.026642046474541776
C_CONTRACT,crosswalk_reentry,3,0.39000000000000007,0.14798648586948746,0.3,0.11269427669584645,0.39000000000000007,0.14798648586948746,1.0,0.0,23.97017798778606,0.011200262784785702,0.0,0.0,2.5735803268779747,0.04615379705217545
C_CONTRACT,stop_cross_traffic_reappearance,3,0.20333333333333334,0.24826061575153904,0.20333333333333334,0.24826061575153904,0.18333333333333335,0.21501937897160184,1.0,0.0,26.654122340507403,0.06869020964275402,0.0,0.0,2.024471185297919,0.09273104858578031
C_CONTRACT,crosswalk_reocclusion,3,0.11666666666666665,0.015275252316519465,0.11666666666666665,0.015275252316519465,0.0,0.0,1.0,0.0,24.27270129202246,0.01637063798369338,0.0,0.0,2.7683777906734526,0.03425627571995477
C_CONTRACT,stop_reocclusion,3,0.14666666666666667,0.13576941236277534,0.14666666666666667,0.13576941236277534,0.0,0.0,1.0,0.0,25.32457748539404,0.04340315960449685,0.0,0.0,2.439446975355068,0.0918416202828883
C_CONTRACT,ALL,3,0.21416666666666664,0.07234178138070234,0.19166666666666665,0.07442837720475524,0.14333333333333334,0.04010403138505322,1.0,0.0,25.055394776427487,0.01820660343417706,0.0,0.0,2.4514690695511034,0.0643450366323656
C2_PHASE_CONTRACT,crosswalk_reentry,3,0.33666666666666667,0.18475208614068026,0.25,0.13,0.33666666666666667,0.18475208614068026,1.0,0.0,23.949197252465055,0.029787736491522256,0.0,0.0,2.5013185791902504,0.06729961439619911
C2_PHASE_CONTRACT,stop_cross_traffic_reappearance,3,0.7266666666666666,0.1357694123627754,0.7266666666666666,0.1357694123627754,0.7000000000000001,0.1562049935181331,1.0,0.0,26.630005269103563,0.02404164964062557,0.0,0.0,1.7452856962400347,0.06381213899863616
C2_PHASE_CONTRACT,crosswalk_reocclusion,3,0.12666666666666668,0.025166114784235825,0.12666666666666668,0.025166114784235825,0.0,0.0,1.0,0.0,24.262903110379934,0.027290113498057492,0.0,0.0,2.690968476169255,0.020103648176995018
C2_PHASE_CONTRACT,stop_reocclusion,3,0.32666666666666666,0.061101009266077866,0.32666666666666666,0.061101009266077866,0.0,0.0,1.0,0.0,25.262457603511294,0.03267451101636049,0.0,0.0,1.9509103261937686,0.02946912642216867
C2_PHASE_CONTRACT,ALL,3,0.3791666666666667,0.01040832999733062,0.3575,0.013919410907075068,0.2591666666666667,0.00763762615825974,1.0,0.0,25.026140808864962,0.0017195111054083012,0.0,0.0,2.222120769448327,0.03175286467476828
D_CORRECT_CONTRACT,crosswalk_reentry,3,0.06,0.02,0.06,0.02,0.06,0.02,1.0,0.0,23.949042515175098,0.019446037644799685,9.513333333333334,0.6425988899253818,2.763943113746514,0.03751858253034394
D_CORRECT_CONTRACT,stop_cross_traffic_reappearance,3,0.013333333333333334,0.011547005383792516,0.013333333333333334,0.011547005383792516,0.013333333333333334,0.011547005383792516,1.0,0.0,26.57567203875426,0.16562883797394162,11.67,2.2782229917196433,2.6974684146050767,0.004303525780628697
D_CORRECT_CONTRACT,crosswalk_reocclusion,3,0.07333333333333335,0.030550504633038933,0.07333333333333335,0.030550504633038933,0.0,0.0,1.0,0.0,24.266998639636995,0.014518981315081975,6.763333333333333,1.0268560431400953,2.8662244196051305,0.05828165539103225
D_CORRECT_CONTRACT,stop_reocclusion,3,0.04666666666666667,0.015275252316519466,0.04666666666666667,0.015275252316519466,0.0,0.0,1.0,0.0,25.308558273168213,0.029024138783374988,11.793333333333331,1.09769455375042,2.704025219915031,0.016031002948852575
D_CORRECT_CONTRACT,ALL,3,0.04833333333333333,0.013768926368215252,0.04833333333333333,0.013768926368215252,0.018333333333333333,0.005773502691896259,1.0,0.0,25.025067866683642,0.04299933379815036,9.935,0.9492497037134109,2.757915291967938,0.023149070252932853
D_ORACLE_LOOKAHEAD_0P8,crosswalk_reentry,3,0.0,0.0,0.0,0.0,0.0,0.0,1.0,0.0,23.814762202503662,0.03404604829122763,5.669999999999999,0.5111751167652825,2.119543112241248,0.05201757452911943
D_ORACLE_LOOKAHEAD_0P8,stop_cross_traffic_reappearance,3,0.0,0.0,0.0,0.0,0.0,0.0,1.0,0.0,26.4936835290674,0.12608855835927638,10.950000000000001,5.718977181279883,1.8083885077851019,0.15573372010162545
D_ORACLE_LOOKAHEAD_0P8,crosswalk_reocclusion,3,0.0033333333333333335,0.005773502691896258,0.0033333333333333335,0.005773502691896258,0.0,0.0,1.0,0.0,24.127724037375785,0.1395524716695816,6.046666666666667,0.4680099714037442,2.39509932421163,0.18479904314311574
D_ORACLE_LOOKAHEAD_0P8,stop_reocclusion,3,0.0,0.0,0.0,0.0,0.0,0.0,1.0,0.0,25.184191757186216,0.1461146558795353,12.49,4.1612978744617655,2.416524554721001,0.06382296815832361
D_ORACLE_LOOKAHEAD_0P8,ALL,3,0.0008333333333333334,0.0014433756729740645,0.0008333333333333334,0.0014433756729740645,0.0,0.0,1.0,0.0,24.905090381533267,0.09438331433035214,8.789166666666667,2.5138396097072966,2.184888874739745,0.05094035494844168
D_ORACLE_LOOKAHEAD_1P2,crosswalk_reentry,3,0.0,0.0,0.0,0.0,0.0,0.0,1.0,0.0,23.814763031050944,0.03404515541521526,5.789999999999999,0.5392587505085106,2.045546709607914,0.08303403032334829
D_ORACLE_LOOKAHEAD_1P2,stop_cross_traffic_reappearance,3,0.0,0.0,0.0,0.0,0.0,0.0,1.0,0.0,26.493888426735833,0.1262171940912269,11.286666666666667,5.830045740243668,1.4253795391775304,0.03599537864712619
D_ORACLE_LOOKAHEAD_1P2,crosswalk_reocclusion,3,0.0,0.0,0.0,0.0,0.0,0.0,1.0,0.0,24.10187103528581,0.15548676982239593,5.563333333333333,0.40153870714208045,2.1907032585859336,0.2967572145950133
D_ORACLE_LOOKAHEAD_1P2,stop_reocclusion,3,0.0,0.0,0.0,0.0,0.0,0.0,1.0,0.0,25.177430041594153,0.1480674590120136,12.813333333333333,5.1350397596643145,2.15729447581033,0.021969358038169833
D_ORACLE_LOOKAHEAD_1P2,ALL,3,0.0,0.0,0.0,0.0,0.0,0.0,1.0,0.0,24.896988133666685,0.09865687504481552,8.863333333333333,2.773501096688685,1.954730995795427,0.05619280320051198
C_STALE_CONTRACT_0P4,crosswalk_reentry,3,0.25,0.25238858928247926,0.25,0.25238858928247926,0.25,0.25238858928247926,1.0,0.0,23.972734829681375,0.04613887383129856,0.0,0.0,2.5906811082942873,0.17952868418791995
C_STALE_CONTRACT_0P4,stop_cross_traffic_reappearance,3,0.7466666666666667,0.17387735140993302,0.7466666666666667,0.17387735140993302,0.7433333333333333,0.17009801096230764,1.0,0.0,26.5434384029822,0.06823805186018783,0.0,0.0,2.3062238968245423,0.1487114681119502
C_STALE_CONTRACT_0P4,crosswalk_reocclusion,3,0.5866666666666668,0.05507570547286101,0.5866666666666668,0.05507570547286101,0.0,0.0,1.0,0.0,24.285908592367992,0.04481739161138339,0.0,0.0,2.913482139047476,0.22686260000700778
C_STALE_CONTRACT_0P4,stop_reocclusion,3,0.34,0.052915026221291794,0.34,0.052915026221291794,0.0,0.0,1.0,0.0,25.279556976113426,0.14960321730504927,0.0,0.0,2.6220992369408864,0.18793425785747084
C_STALE_CONTRACT_0P4,ALL,3,0.4808333333333333,0.0376109469879892,0.4808333333333333,0.0376109469879892,0.24833333333333338,0.03538478957593691,1.0,0.0,25.020409700286248,0.03078009390337838,0.0,0.0,2.6081215952767978,0.08257385267868661
D_STALE_CONTRACT_0P4,crosswalk_reentry,3,0.0,0.0,0.0,0.0,0.0,0.0,1.0,0.0,23.941760070493228,0.08058137604542155,8.583333333333334,0.6381483631047978,2.67369184698627,0.020029459912633284
D_STALE_CONTRACT_0P4,stop_cross_traffic_reappearance,3,0.65,0.1039230484541326,0.65,0.1039230484541326,0.65,0.1039230484541326,1.0,0.0,26.66921707594334,0.08886822706894842,13.043333333333331,0.9765415164412279,2.611509427091424,0.010440956460369764
D_STALE_CONTRACT_0P4,crosswalk_reocclusion,3,0.37666666666666665,0.01527525231651948,0.37666666666666665,0.01527525231651948,0.0,0.0,1.0,0.0,24.298328401407613,0.03306432373418829,7.866666666666666,1.1073090505063763,2.8386673886142617,0.07928802041247987
D_STALE_CONTRACT_0P4,stop_reocclusion,3,0.3633333333333333,0.020816659994661313,0.3633333333333333,0.020816659994661313,0.0,0.0,1.0,0.0,25.320645655231214,0.013790355893396403,12.103333333333333,0.8554141297250899,2.661990105749497,0.013349515684620599
D_STALE_CONTRACT_0P4,ALL,3,0.3475,0.030720514318611263,0.3475,0.030720514318611263,0.1625,0.02598076211353315,1.0,0.0,25.057487800768854,0.040798222295197195,10.399166666666668,0.6031186312271684,2.696464692110363,0.026818143513585736
D_SHARED_SENSOR_LAG_0P4,crosswalk_reentry,3,0.0,0.0,0.0,0.0,0.0,0.0,1.0,0.0,23.892572926930438,0.021537966806580176,8.533333333333333,0.6361079572944622,2.6685894371556897,0.015054810645068133
D_SHARED_SENSOR_LAG_0P4,stop_cross_traffic_reappearance,3,0.6566666666666666,0.10115993936995675,0.6566666666666666,0.10115993936995675,0.6566666666666666,0.10115993936995675,1.0,0.0,26.67218762629045,0.09036333724443714,13.049999999999999,0.9659710140578753,2.611233190910793,0.010878701028296533
D_SHARED_SENSOR_LAG_0P4,crosswalk_reocclusion,3,0.37666666666666665,0.01527525231651948,0.37666666666666665,0.01527525231651948,0.0,0.0,1.0,0.0,24.295558402298038,0.03959459904909505,7.776666666666667,1.0171692746703145,2.797194414659959,0.03582932510615079
D_SHARED_SENSOR_LAG_0P4,stop_reocclusion,3,0.3633333333333333,0.020816659994661313,0.3633333333333333,0.020816659994661313,0.0,0.0,1.0,0.0,25.323551763572254,0.0016769685102355398,12.133333333333333,0.9000740710260094,2.6586484830279624,0.01858977502552005
D_SHARED_SENSOR_LAG_0P4,ALL,3,0.3491666666666666,0.03024207885270673,0.3491666666666666,0.03024207885270673,0.16416666666666666,0.025289984842489188,1.0,0.0,25.045967679772797,0.02692279835613665,10.373333333333333,0.5590747564801455,2.683916381438601,0.012906950886351085
