seed,variant,split,kind,episodes,unsafe_rate,forbidden_entry_rate,collision_rate,safe_gap_violation_rate,completion_rate,mean_progress_m,mean_released_stop_s,mean_interventions,mean_abs_jerk
42,A_STATE,ID,crosswalk,100,0.0,0.0,0.0,0.0,1.0,32.92916473138513,0.0,0.0,1.4674622516727134
42,A_STATE,ID,lead_brake,100,0.0,0.0,0.0,0.0,1.0,73.70479898321804,0.0,0.0,1.151238431694607
42,A_STATE,ID,stop_intersection,100,0.0,0.0,0.0,0.0,1.0,32.383596553984965,0.2,0.0,1.3240667577554674
42,A_STATE,OOD,crosswalk,100,0.0,0.0,0.0,0.0,1.0,25.7779393618469,0.096,0.0,1.5859648182494916
42,A_STATE,OOD,lead_brake,100,0.0,0.0,0.0,0.18,1.0,32.38417044739354,0.0,0.0,3.4821807910874485
42,A_STATE,OOD,stop_intersection,100,0.0,0.0,0.0,0.0,1.0,26.294933580321327,0.198,0.0,1.5798634164452807
42,B_COC,ID,crosswalk,100,0.0,0.0,0.0,0.0,1.0,32.91090478496499,0.0,0.0,1.4698765350021625
42,B_COC,ID,lead_brake,100,0.0,0.0,0.0,0.01,1.0,73.75604318696884,0.0,0.0,1.1616592726918558
42,B_COC,ID,stop_intersection,100,0.0,0.0,0.0,0.0,1.0,32.36917239314428,0.2,0.0,1.1946969715446438
42,B_COC,OOD,crosswalk,100,0.0,0.0,0.0,0.0,1.0,25.587053589861657,0.188,0.0,1.0871173585075704
42,B_COC,OOD,lead_brake,100,0.0,0.0,0.0,0.28,1.0,32.418286216927356,0.0,0.0,3.2829311000866195
42,B_COC,OOD,stop_intersection,100,0.0,0.0,0.0,0.0,1.0,26.20512597485013,0.194,0.0,1.2946414487174658
42,C2_PHASE_CONTRACT,ID,crosswalk,100,0.0,0.0,0.0,0.0,1.0,32.83642004002914,0.0,0.0,1.4118737862794601
42,C2_PHASE_CONTRACT,ID,lead_brake,100,0.0,0.0,0.0,0.0,1.0,73.62932871449206,0.0,0.0,4.616698745074682
42,C2_PHASE_CONTRACT,ID,stop_intersection,100,0.0,0.0,0.0,0.0,1.0,32.47357860603866,0.2,0.0,1.466918987414037
42,C2_PHASE_CONTRACT,OOD,crosswalk,100,0.0,0.0,0.0,0.0,1.0,25.700654311283248,0.15200000000000002,0.0,1.6814842490537025
42,C2_PHASE_CONTRACT,OOD,lead_brake,100,0.0,0.0,0.0,0.0,1.0,32.1004601947112,0.0,0.0,5.9294905720294135
42,C2_PHASE_CONTRACT,OOD,stop_intersection,100,0.0,0.0,0.0,0.0,1.0,26.324854736440997,0.2,0.0,2.0184096810872174
42,C_LEGACY_CONTRACT,ID,crosswalk,100,0.0,0.0,0.0,0.0,1.0,32.842059252892064,0.0,0.0,1.4130412515888384
42,C_LEGACY_CONTRACT,ID,lead_brake,100,0.0,0.0,0.0,0.0,1.0,73.66659930681911,0.0,0.0,4.763698863117025
42,C_LEGACY_CONTRACT,ID,stop_intersection,100,0.0,0.0,0.0,0.0,1.0,32.6035805109948,0.2,0.0,1.527411041356548
42,C_LEGACY_CONTRACT,OOD,crosswalk,100,0.0,0.0,0.0,0.0,1.0,25.681212044064672,0.17600000000000002,0.0,1.9464441272259136
42,C_LEGACY_CONTRACT,OOD,lead_brake,100,0.0,0.0,0.0,0.0,1.0,32.163915269168506,0.0,0.0,8.36052584187438
42,C_LEGACY_CONTRACT,OOD,stop_intersection,100,0.0,0.0,0.0,0.0,1.0,26.330618917899116,0.19,0.0,1.8588943030208096
42,D_PHASE_SHIELD,ID,crosswalk,100,0.0,0.0,0.0,0.0,1.0,32.83642004002914,0.0,0.0,1.4118737862794601
42,D_PHASE_SHIELD,ID,lead_brake,100,0.0,0.0,0.0,0.0,1.0,73.62932871449206,0.0,0.0,4.616698745074682
42,D_PHASE_SHIELD,ID,stop_intersection,100,0.0,0.0,0.0,0.0,1.0,32.30729387483344,0.2,2.76,1.7174315553921815
42,D_PHASE_SHIELD,OOD,crosswalk,100,0.0,0.0,0.0,0.0,1.0,25.606417950260525,0.15600000000000003,1.85,1.909486262068019
42,D_PHASE_SHIELD,OOD,lead_brake,100,0.0,0.0,0.0,0.0,1.0,32.1004601947112,0.0,0.0,5.9294905720294135
42,D_PHASE_SHIELD,OOD,stop_intersection,100,0.0,0.0,0.0,0.0,1.0,26.20283263407906,0.2,1.67,2.1570650119037214
43,A_STATE,ID,crosswalk,100,0.0,0.0,0.0,0.0,1.0,32.80205289011047,0.0,0.0,1.4368328161870239
43,A_STATE,ID,lead_brake,100,0.0,0.0,0.0,0.0,1.0,73.76922473526474,0.0,0.0,1.428701321693758
43,A_STATE,ID,stop_intersection,100,0.0,0.0,0.0,0.0,1.0,32.66821689875875,0.2,0.0,1.289672578234758
43,A_STATE,OOD,crosswalk,100,0.0,0.0,0.0,0.0,1.0,25.589040091070682,0.15400000000000003,0.0,1.1275303114712978
43,A_STATE,OOD,lead_brake,100,0.0,0.0,0.0,0.1,1.0,32.367391902139076,0.0,0.0,3.8158162405962743
43,A_STATE,OOD,stop_intersection,100,0.0,0.0,0.0,0.0,1.0,26.52310969214535,0.18600000000000003,0.0,1.4860332572978427
43,B_COC,ID,crosswalk,100,0.0,0.0,0.0,0.0,1.0,32.90163365595508,0.0,0.0,1.4872730495739237
43,B_COC,ID,lead_brake,100,0.0,0.0,0.0,0.0,1.0,73.69669344322409,0.0,0.0,1.9413760592788458
43,B_COC,ID,stop_intersection,100,0.0,0.0,0.0,0.0,1.0,32.84140093903128,0.2,0.0,1.256772368261602
43,B_COC,OOD,crosswalk,100,0.0,0.0,0.0,0.0,1.0,25.83849051530236,0.19,0.0,1.1203153311043004
43,B_COC,OOD,lead_brake,100,0.0,0.0,0.0,0.0,1.0,32.29025101890419,0.0,0.0,5.93272017126282
43,B_COC,OOD,stop_intersection,100,0.0,0.0,0.0,0.0,1.0,26.572792370110434,0.198,0.0,1.3618918986375441
43,C2_PHASE_CONTRACT,ID,crosswalk,100,0.0,0.0,0.0,0.0,1.0,32.9506730254014,0.0,0.0,1.413701485877148
43,C2_PHASE_CONTRACT,ID,lead_brake,100,0.0,0.0,0.0,0.0,1.0,73.7617538248482,0.0,0.0,5.352875780053437
43,C2_PHASE_CONTRACT,ID,stop_intersection,100,0.0,0.0,0.0,0.0,1.0,32.7602639312643,0.2,0.0,1.5457262981102073
43,C2_PHASE_CONTRACT,OOD,crosswalk,100,0.0,0.0,0.0,0.0,1.0,25.799654801744524,0.2,0.0,1.6117068735875753
43,C2_PHASE_CONTRACT,OOD,lead_brake,100,0.0,0.0,0.0,0.0,1.0,32.11890668368716,0.0,0.0,6.034479835809518
43,C2_PHASE_CONTRACT,OOD,stop_intersection,100,0.0,0.0,0.0,0.0,1.0,26.40941842099952,0.196,0.0,2.0060184788360695
43,C_LEGACY_CONTRACT,ID,crosswalk,100,0.0,0.0,0.0,0.0,1.0,32.897555175260365,0.0,0.0,1.3956729677919197
43,C_LEGACY_CONTRACT,ID,lead_brake,100,0.0,0.0,0.0,0.0,1.0,73.68550545932379,0.0,0.0,5.12725010938632
43,C_LEGACY_CONTRACT,ID,stop_intersection,100,0.0,0.0,0.0,0.0,1.0,32.75399475920513,0.2,0.0,1.5948280657446983
43,C_LEGACY_CONTRACT,OOD,crosswalk,100,0.0,0.0,0.0,0.0,1.0,25.7611707393144,0.198,0.0,1.3676946199727562
43,C_LEGACY_CONTRACT,OOD,lead_brake,100,0.0,0.0,0.0,0.0,1.0,32.13476000136141,0.0,0.0,5.878444515084848
43,C_LEGACY_CONTRACT,OOD,stop_intersection,100,0.0,0.0,0.0,0.0,1.0,26.62682001139176,0.2,0.0,1.5899503691014647
43,D_PHASE_SHIELD,ID,crosswalk,100,0.0,0.0,0.0,0.0,1.0,32.9506730254014,0.0,0.0,1.413701485877148
43,D_PHASE_SHIELD,ID,lead_brake,100,0.0,0.0,0.0,0.0,1.0,73.7617538248482,0.0,0.0,5.352875780053437
43,D_PHASE_SHIELD,ID,stop_intersection,100,0.0,0.0,0.0,0.0,1.0,32.50873429348973,0.2,4.33,1.7130374915976139
43,D_PHASE_SHIELD,OOD,crosswalk,100,0.0,0.0,0.0,0.0,1.0,25.571079254654837,0.2,4.32,1.6919193031592743
43,D_PHASE_SHIELD,OOD,lead_brake,100,0.0,0.0,0.0,0.0,1.0,32.11890668368716,0.0,0.0,6.034479835809518
43,D_PHASE_SHIELD,OOD,stop_intersection,100,0.0,0.0,0.0,0.0,1.0,26.334038177524395,0.2,11.04,1.680241203158094
44,A_STATE,ID,crosswalk,100,0.0,0.0,0.0,0.0,1.0,32.73168918918614,0.0,0.0,1.3793837952154702
44,A_STATE,ID,lead_brake,100,0.0,0.0,0.0,0.0,1.0,73.69108150797699,0.0,0.0,1.1414114881586281
44,A_STATE,ID,stop_intersection,100,0.0,0.0,0.0,0.0,1.0,32.1713437676064,0.2,0.0,1.2545512555752936
44,A_STATE,OOD,crosswalk,100,0.23,0.23,0.2,0.0,1.0,25.638462214165102,0.164,0.0,1.2119875337675345
44,A_STATE,OOD,lead_brake,100,0.0,0.0,0.0,0.04,1.0,32.33587801458988,0.0,0.0,1.9563614584381381
44,A_STATE,OOD,stop_intersection,100,0.0,0.0,0.0,0.0,1.0,26.085205272523098,0.18200000000000002,0.0,1.3436065365513463
44,B_COC,ID,crosswalk,100,0.0,0.0,0.0,0.0,1.0,32.79929888105988,0.0,0.0,1.4235028688674083
44,B_COC,ID,lead_brake,100,0.0,0.0,0.0,0.0,1.0,73.67456706049468,0.0,0.0,0.8316593571814397
44,B_COC,ID,stop_intersection,100,0.0,0.0,0.0,0.0,1.0,32.24972528187494,0.2,0.0,1.2381479036344245
44,B_COC,OOD,crosswalk,100,0.13,0.13,0.12,0.0,1.0,25.71459003563817,0.17,0.0,1.101031808165889
44,B_COC,OOD,lead_brake,100,0.0,0.0,0.0,0.42,1.0,32.469097208114746,0.0,0.0,4.417597174036006
44,B_COC,OOD,stop_intersection,100,0.0,0.0,0.0,0.0,1.0,26.39699702678404,0.196,0.0,1.4784880161664822
44,C2_PHASE_CONTRACT,ID,crosswalk,100,0.0,0.0,0.0,0.0,1.0,32.83536968117191,0.0,0.0,1.3604191167907393
44,C2_PHASE_CONTRACT,ID,lead_brake,100,0.0,0.0,0.0,0.0,1.0,73.86746180996363,0.0,0.0,5.727972943045509
44,C2_PHASE_CONTRACT,ID,stop_intersection,100,0.0,0.0,0.0,0.0,1.0,32.73242063788439,0.2,0.0,1.5458075517000023
44,C2_PHASE_CONTRACT,OOD,crosswalk,100,0.0,0.0,0.0,0.0,1.0,25.600007409310734,0.19,0.0,1.3259878457873235
44,C2_PHASE_CONTRACT,OOD,lead_brake,100,0.0,0.0,0.0,0.0,1.0,32.19369838854674,0.0,0.0,8.346570405868503
44,C2_PHASE_CONTRACT,OOD,stop_intersection,100,0.0,0.0,0.0,0.0,1.0,26.499709094348205,0.18600000000000003,0.0,1.6659914349896114
44,C_LEGACY_CONTRACT,ID,crosswalk,100,0.0,0.0,0.0,0.0,1.0,32.90291905857864,0.0,0.0,1.4069876793731917
44,C_LEGACY_CONTRACT,ID,lead_brake,100,0.0,0.0,0.0,0.0,1.0,73.90827722621958,0.0,0.0,5.974416541525472
44,C_LEGACY_CONTRACT,ID,stop_intersection,100,0.0,0.0,0.0,0.0,1.0,32.550694762348854,0.2,0.0,1.5718940026693782
44,C_LEGACY_CONTRACT,OOD,crosswalk,100,0.0,0.0,0.0,0.0,1.0,25.86656670885883,0.198,0.0,1.5030986922786869
44,C_LEGACY_CONTRACT,OOD,lead_brake,100,0.0,0.0,0.0,0.0,1.0,32.22791071969759,0.0,0.0,7.984706604207555
44,C_LEGACY_CONTRACT,OOD,stop_intersection,100,0.0,0.0,0.0,0.0,1.0,26.41850629435702,0.188,0.0,1.5610380962799209
44,D_PHASE_SHIELD,ID,crosswalk,100,0.0,0.0,0.0,0.0,1.0,32.83536968117191,0.0,0.0,1.3604191167907393
44,D_PHASE_SHIELD,ID,lead_brake,100,0.0,0.0,0.0,0.0,1.0,73.86746180996363,0.0,0.0,5.727972943045509
44,D_PHASE_SHIELD,ID,stop_intersection,100,0.0,0.0,0.0,0.0,1.0,32.46965719530924,0.2,4.33,1.7166349034451815
44,D_PHASE_SHIELD,OOD,crosswalk,100,0.0,0.0,0.0,0.0,1.0,25.586616144965216,0.192,1.02,1.4377657563243218
44,D_PHASE_SHIELD,OOD,lead_brake,100,0.0,0.0,0.0,0.0,1.0,32.19369838854674,0.0,0.0,8.346570405868503
44,D_PHASE_SHIELD,OOD,stop_intersection,100,0.0,0.0,0.0,0.0,1.0,26.330166945963615,0.196,2.95,1.7940335528981615
